{
    "children": [
        {
            "context": {
                "code": "BILDGEBUNG",
                "display": "Bildgebung",
                "system": "mii.bg"
            },
            "display": "Autorefraction",
            "id": "68295a86-75a1-8852-37c7-208ea2fe0fa5",
            "leaf": true,
            "selectable": true,
            "termCodes": [
                {
                    "code": "AR",
                    "display": "Autorefraction",
                    "system": "http://dicom.nema.org/resources/ontology/DCM",
                    "version": "01"
                }
            ]
        },
        {
            "context": {
                "code": "BILDGEBUNG",
                "display": "Bildgebung",
                "system": "mii.bg"
            },
            "display": "Biomagnetic imaging",
            "id": "cdea087c-6184-df45-c05f-66b49e3e8555",
            "leaf": true,
            "selectable": true,
            "termCodes": [
                {
                    "code": "BI",
                    "display": "Biomagnetic imaging",
                    "system": "http://dicom.nema.org/resources/ontology/DCM",
                    "version": "01"
                }
            ]
        },
        {
            "context": {
                "code": "BILDGEBUNG",
                "display": "Bildgebung",
                "system": "mii.bg"
            },
            "display": "Bone Mineral Densitometry",
            "id": "7437cc7e-456d-a36b-36ab-b27175837bff",
            "leaf": true,
            "selectable": true,
            "termCodes": [
                {
                    "code": "BMD",
                    "display": "Bone Mineral Densitometry",
                    "system": "http://dicom.nema.org/resources/ontology/DCM",
                    "version": "01"
                }
            ]
        },
        {
            "context": {
                "code": "BILDGEBUNG",
                "display": "Bildgebung",
                "system": "mii.bg"
            },
            "display": "Cardiac Electrophysiology",
            "id": "ee0fdb9d-17ac-b6e8-a6bc-bd9ffe0d0153",
            "leaf": true,
            "selectable": true,
            "termCodes": [
                {
                    "code": "EPS",
                    "display": "Cardiac Electrophysiology",
                    "system": "http://dicom.nema.org/resources/ontology/DCM",
                    "version": "01"
                }
            ]
        },
        {
            "context": {
                "code": "BILDGEBUNG",
                "display": "Bildgebung",
                "system": "mii.bg"
            },
            "display": "Computed Radiography",
            "id": "4c6e7643-16b4-8d10-afa8-dabe0f9bf174",
            "leaf": true,
            "selectable": true,
            "termCodes": [
                {
                    "code": "CR",
                    "display": "Computed Radiography",
                    "system": "http://dicom.nema.org/resources/ontology/DCM",
                    "version": "01"
                }
            ]
        },
        {
            "context": {
                "code": "BILDGEBUNG",
                "display": "Bildgebung",
                "system": "mii.bg"
            },
            "display": "Computed Tomography",
            "id": "df3104fc-4ead-2942-d1f3-fdb4f0b811ca",
            "leaf": true,
            "selectable": true,
            "termCodes": [
                {
                    "code": "CT",
                    "display": "Computed Tomography",
                    "system": "http://dicom.nema.org/resources/ontology/DCM",
                    "version": "01"
                }
            ]
        },
        {
            "context": {
                "code": "BILDGEBUNG",
                "display": "Bildgebung",
                "system": "mii.bg"
            },
            "display": "Diaphanography",
            "id": "cf0cb494-d7b8-9176-6122-042c6aa6d942",
            "leaf": true,
            "selectable": true,
            "termCodes": [
                {
                    "code": "DG",
                    "display": "Diaphanography",
                    "system": "http://dicom.nema.org/resources/ontology/DCM",
                    "version": "01"
                }
            ]
        },
        {
            "context": {
                "code": "BILDGEBUNG",
                "display": "Bildgebung",
                "system": "mii.bg"
            },
            "display": "Digital Radiography",
            "id": "c86988b0-3f9d-73ab-8569-6404806b619f",
            "leaf": true,
            "selectable": true,
            "termCodes": [
                {
                    "code": "DX",
                    "display": "Digital Radiography",
                    "system": "http://dicom.nema.org/resources/ontology/DCM",
                    "version": "01"
                }
            ]
        },
        {
            "context": {
                "code": "BILDGEBUNG",
                "display": "Bildgebung",
                "system": "mii.bg"
            },
            "display": "Electrocardiography",
            "id": "06b9faa5-cc0f-73cd-7612-f0512695af70",
            "leaf": true,
            "selectable": true,
            "termCodes": [
                {
                    "code": "ECG",
                    "display": "Electrocardiography",
                    "system": "http://dicom.nema.org/resources/ontology/DCM",
                    "version": "01"
                }
            ]
        },
        {
            "context": {
                "code": "BILDGEBUNG",
                "display": "Bildgebung",
                "system": "mii.bg"
            },
            "display": "Endoscopy",
            "id": "6381c2cb-62d0-cb68-5235-83d65f9c3060",
            "leaf": true,
            "selectable": true,
            "termCodes": [
                {
                    "code": "ES",
                    "display": "Endoscopy",
                    "system": "http://dicom.nema.org/resources/ontology/DCM",
                    "version": "01"
                }
            ]
        },
        {
            "context": {
                "code": "BILDGEBUNG",
                "display": "Bildgebung",
                "system": "mii.bg"
            },
            "display": "External-camera Photography",
            "id": "054cdd93-b937-d0c5-5dc3-77f151e9eec6",
            "leaf": true,
            "selectable": true,
            "termCodes": [
                {
                    "code": "XC",
                    "display": "External-camera Photography",
                    "system": "http://dicom.nema.org/resources/ontology/DCM",
                    "version": "01"
                }
            ]
        },
        {
            "context": {
                "code": "BILDGEBUNG",
                "display": "Bildgebung",
                "system": "mii.bg"
            },
            "display": "General Microscopy",
            "id": "61799d2c-a638-5a0a-4b87-f5b9da9be770",
            "leaf": true,
            "selectable": true,
            "termCodes": [
                {
                    "code": "GM",
                    "display": "General Microscopy",
                    "system": "http://dicom.nema.org/resources/ontology/DCM",
                    "version": "01"
                }
            ]
        },
        {
            "context": {
                "code": "BILDGEBUNG",
                "display": "Bildgebung",
                "system": "mii.bg"
            },
            "display": "Hemodynamic Waveform",
            "id": "a53d848b-006c-4f1d-2171-ca8465dee16b",
            "leaf": true,
            "selectable": true,
            "termCodes": [
                {
                    "code": "HD",
                    "display": "Hemodynamic Waveform",
                    "system": "http://dicom.nema.org/resources/ontology/DCM",
                    "version": "01"
                }
            ]
        },
        {
            "context": {
                "code": "BILDGEBUNG",
                "display": "Bildgebung",
                "system": "mii.bg"
            },
            "display": "Intra-oral Radiography",
            "id": "d93ab1de-b0e0-3481-ee75-03ad22c74417",
            "leaf": true,
            "selectable": true,
            "termCodes": [
                {
                    "code": "IO",
                    "display": "Intra-oral Radiography",
                    "system": "http://dicom.nema.org/resources/ontology/DCM",
                    "version": "01"
                }
            ]
        },
        {
            "context": {
                "code": "BILDGEBUNG",
                "display": "Bildgebung",
                "system": "mii.bg"
            },
            "display": "Intravascular Optical Coherence Tomography",
            "id": "b97dad2a-4fd0-a0a1-ac14-cdfb99204c7c",
            "leaf": true,
            "selectable": true,
            "termCodes": [
                {
                    "code": "IVOCT",
                    "display": "Intravascular Optical Coherence Tomography",
                    "system": "http://dicom.nema.org/resources/ontology/DCM",
                    "version": "01"
                }
            ]
        },
        {
            "context": {
                "code": "BILDGEBUNG",
                "display": "Bildgebung",
                "system": "mii.bg"
            },
            "display": "Intravascular Ultrasound",
            "id": "cf0aaf4c-eccf-6636-aa52-b865939c2b8e",
            "leaf": true,
            "selectable": true,
            "termCodes": [
                {
                    "code": "IVUS",
                    "display": "Intravascular Ultrasound",
                    "system": "http://dicom.nema.org/resources/ontology/DCM",
                    "version": "01"
                }
            ]
        },
        {
            "context": {
                "code": "BILDGEBUNG",
                "display": "Bildgebung",
                "system": "mii.bg"
            },
            "display": "Keratometry",
            "id": "4ec5bef4-861c-cfa4-8145-857ada7b16e8",
            "leaf": true,
            "selectable": true,
            "termCodes": [
                {
                    "code": "KER",
                    "display": "Keratometry",
                    "system": "http://dicom.nema.org/resources/ontology/DCM",
                    "version": "01"
                }
            ]
        },
        {
            "context": {
                "code": "BILDGEBUNG",
                "display": "Bildgebung",
                "system": "mii.bg"
            },
            "display": "Laser surface scan",
            "id": "a3669715-011d-065a-e325-786e3a615807",
            "leaf": true,
            "selectable": true,
            "termCodes": [
                {
                    "code": "LS",
                    "display": "Laser surface scan",
                    "system": "http://dicom.nema.org/resources/ontology/DCM",
                    "version": "01"
                }
            ]
        },
        {
            "context": {
                "code": "BILDGEBUNG",
                "display": "Bildgebung",
                "system": "mii.bg"
            },
            "display": "Lensometry",
            "id": "20d29a07-ca10-6496-ed66-e8b8ca5b9c4d",
            "leaf": true,
            "selectable": true,
            "termCodes": [
                {
                    "code": "LEN",
                    "display": "Lensometry",
                    "system": "http://dicom.nema.org/resources/ontology/DCM",
                    "version": "01"
                }
            ]
        },
        {
            "context": {
                "code": "BILDGEBUNG",
                "display": "Bildgebung",
                "system": "mii.bg"
            },
            "display": "Magnetic Resonance",
            "id": "45b946d2-36fe-4ee6-4c78-450cf5d1cac4",
            "leaf": true,
            "selectable": true,
            "termCodes": [
                {
                    "code": "MR",
                    "display": "Magnetic Resonance",
                    "system": "http://dicom.nema.org/resources/ontology/DCM",
                    "version": "01"
                }
            ]
        },
        {
            "context": {
                "code": "BILDGEBUNG",
                "display": "Bildgebung",
                "system": "mii.bg"
            },
            "display": "Mammography",
            "id": "6b9ecd06-94ff-7477-a52f-98429fb68980",
            "leaf": true,
            "selectable": true,
            "termCodes": [
                {
                    "code": "MG",
                    "display": "Mammography",
                    "system": "http://dicom.nema.org/resources/ontology/DCM",
                    "version": "01"
                }
            ]
        },
        {
            "context": {
                "code": "BILDGEBUNG",
                "display": "Bildgebung",
                "system": "mii.bg"
            },
            "display": "Nuclear Medicine",
            "id": "b63c124a-008e-fca7-8b2a-6e5f7ad99815",
            "leaf": true,
            "selectable": true,
            "termCodes": [
                {
                    "code": "NM",
                    "display": "Nuclear Medicine",
                    "system": "http://dicom.nema.org/resources/ontology/DCM",
                    "version": "01"
                }
            ]
        },
        {
            "context": {
                "code": "BILDGEBUNG",
                "display": "Bildgebung",
                "system": "mii.bg"
            },
            "display": "Ophthalmic Axial Measurements",
            "id": "e41eb8d0-0571-b806-8db0-a42cc4fc9af1",
            "leaf": true,
            "selectable": true,
            "termCodes": [
                {
                    "code": "OAM",
                    "display": "Ophthalmic Axial Measurements",
                    "system": "http://dicom.nema.org/resources/ontology/DCM",
                    "version": "01"
                }
            ]
        },
        {
            "context": {
                "code": "BILDGEBUNG",
                "display": "Bildgebung",
                "system": "mii.bg"
            },
            "display": "Ophthalmic Mapping",
            "id": "6f25fca1-b38c-b139-5483-c599d58e3efe",
            "leaf": true,
            "selectable": true,
            "termCodes": [
                {
                    "code": "OPM",
                    "display": "Ophthalmic Mapping",
                    "system": "http://dicom.nema.org/resources/ontology/DCM",
                    "version": "01"
                }
            ]
        },
        {
            "context": {
                "code": "BILDGEBUNG",
                "display": "Bildgebung",
                "system": "mii.bg"
            },
            "display": "Ophthalmic photography",
            "id": "ce59bb47-e6be-6eab-4a4b-8989778fc450",
            "leaf": true,
            "selectable": true,
            "termCodes": [
                {
                    "code": "OP",
                    "display": "Ophthalmic photography",
                    "system": "http://dicom.nema.org/resources/ontology/DCM",
                    "version": "01"
                }
            ]
        },
        {
            "context": {
                "code": "BILDGEBUNG",
                "display": "Bildgebung",
                "system": "mii.bg"
            },
            "display": "Ophthalmic Tomography",
            "id": "32cfa247-70f1-2bde-b793-159303a87ee5",
            "leaf": true,
            "selectable": true,
            "termCodes": [
                {
                    "code": "OPT",
                    "display": "Ophthalmic Tomography",
                    "system": "http://dicom.nema.org/resources/ontology/DCM",
                    "version": "01"
                }
            ]
        },
        {
            "context": {
                "code": "BILDGEBUNG",
                "display": "Bildgebung",
                "system": "mii.bg"
            },
            "display": "Ophthalmic Visual Field",
            "id": "ddfb60d8-a5f6-c8c1-faa0-2b576a10267d",
            "leaf": true,
            "selectable": true,
            "termCodes": [
                {
                    "code": "OPV",
                    "display": "Ophthalmic Visual Field",
                    "system": "http://dicom.nema.org/resources/ontology/DCM",
                    "version": "01"
                }
            ]
        },
        {
            "context": {
                "code": "BILDGEBUNG",
                "display": "Bildgebung",
                "system": "mii.bg"
            },
            "display": "Optical Coherence Tomography",
            "id": "3237f80b-86aa-0cba-4e9a-b2f4c416a792",
            "leaf": true,
            "selectable": true,
            "termCodes": [
                {
                    "code": "OCT",
                    "display": "Optical Coherence Tomography",
                    "system": "http://dicom.nema.org/resources/ontology/DCM",
                    "version": "01"
                }
            ]
        },
        {
            "context": {
                "code": "BILDGEBUNG",
                "display": "Bildgebung",
                "system": "mii.bg"
            },
            "display": "Optical Survace Scanner",
            "id": "654aa3f8-5577-5fe1-36e6-a67c5e430d05",
            "leaf": true,
            "selectable": true,
            "termCodes": [
                {
                    "code": "OSS",
                    "display": "Optical Survace Scanner",
                    "system": "http://dicom.nema.org/resources/ontology/DCM",
                    "version": "01"
                }
            ]
        },
        {
            "context": {
                "code": "BILDGEBUNG",
                "display": "Bildgebung",
                "system": "mii.bg"
            },
            "display": "Panoramic X-Ray",
            "id": "9ddf7079-fa98-5ea4-633e-c4fc6fd931fb",
            "leaf": true,
            "selectable": true,
            "termCodes": [
                {
                    "code": "PX",
                    "display": "Panoramic X-Ray",
                    "system": "http://dicom.nema.org/resources/ontology/DCM",
                    "version": "01"
                }
            ]
        },
        {
            "context": {
                "code": "BILDGEBUNG",
                "display": "Bildgebung",
                "system": "mii.bg"
            },
            "display": "Positron emission tomography",
            "id": "8ce5d62e-bb29-d30a-8c3d-67e34552f9fd",
            "leaf": true,
            "selectable": true,
            "termCodes": [
                {
                    "code": "PT",
                    "display": "Positron emission tomography",
                    "system": "http://dicom.nema.org/resources/ontology/DCM",
                    "version": "01"
                }
            ]
        },
        {
            "context": {
                "code": "BILDGEBUNG",
                "display": "Bildgebung",
                "system": "mii.bg"
            },
            "display": "Radiofluoroscopy",
            "id": "df13d6a8-a618-1bc9-0c1a-1dbec0cbe4c3",
            "leaf": true,
            "selectable": true,
            "termCodes": [
                {
                    "code": "RF",
                    "display": "Radiofluoroscopy",
                    "system": "http://dicom.nema.org/resources/ontology/DCM",
                    "version": "01"
                }
            ]
        },
        {
            "context": {
                "code": "BILDGEBUNG",
                "display": "Bildgebung",
                "system": "mii.bg"
            },
            "display": "Radiographic imaging",
            "id": "466e794e-643e-4259-2460-6eedf429a9a0",
            "leaf": true,
            "selectable": true,
            "termCodes": [
                {
                    "code": "RG",
                    "display": "Radiographic imaging",
                    "system": "http://dicom.nema.org/resources/ontology/DCM",
                    "version": "01"
                }
            ]
        },
        {
            "context": {
                "code": "BILDGEBUNG",
                "display": "Bildgebung",
                "system": "mii.bg"
            },
            "display": "Radiotherapy Image",
            "id": "8b7a093c-836a-71a2-5888-f89d57a99f52",
            "leaf": true,
            "selectable": true,
            "termCodes": [
                {
                    "code": "RTIMAGE",
                    "display": "Radiotherapy Image",
                    "system": "http://dicom.nema.org/resources/ontology/DCM",
                    "version": "01"
                }
            ]
        },
        {
            "context": {
                "code": "BILDGEBUNG",
                "display": "Bildgebung",
                "system": "mii.bg"
            },
            "display": "Slide Microscopy",
            "id": "65bf08fd-b2b3-24b7-b54b-3591736eab88",
            "leaf": true,
            "selectable": true,
            "termCodes": [
                {
                    "code": "SM",
                    "display": "Slide Microscopy",
                    "system": "http://dicom.nema.org/resources/ontology/DCM",
                    "version": "01"
                }
            ]
        },
        {
            "context": {
                "code": "BILDGEBUNG",
                "display": "Bildgebung",
                "system": "mii.bg"
            },
            "display": "Subjective Refraction",
            "id": "07822001-cdae-bf58-50e7-6aaa4c59ca81",
            "leaf": true,
            "selectable": true,
            "termCodes": [
                {
                    "code": "SRF",
                    "display": "Subjective Refraction",
                    "system": "http://dicom.nema.org/resources/ontology/DCM",
                    "version": "01"
                }
            ]
        },
        {
            "context": {
                "code": "BILDGEBUNG",
                "display": "Bildgebung",
                "system": "mii.bg"
            },
            "display": "Thermography",
            "id": "9f49ff13-ccbd-d6a8-78ac-a2e863af5a8d",
            "leaf": true,
            "selectable": true,
            "termCodes": [
                {
                    "code": "TG",
                    "display": "Thermography",
                    "system": "http://dicom.nema.org/resources/ontology/DCM",
                    "version": "01"
                }
            ]
        },
        {
            "context": {
                "code": "BILDGEBUNG",
                "display": "Bildgebung",
                "system": "mii.bg"
            },
            "display": "Ultrasound",
            "id": "c34e5543-8eee-41bc-2b95-6b74c9e19cf1",
            "leaf": true,
            "selectable": true,
            "termCodes": [
                {
                    "code": "US",
                    "display": "Ultrasound",
                    "system": "http://dicom.nema.org/resources/ontology/DCM",
                    "version": "01"
                }
            ]
        },
        {
            "context": {
                "code": "BILDGEBUNG",
                "display": "Bildgebung",
                "system": "mii.bg"
            },
            "display": "Ultrasound Bone Densitometry",
            "id": "8d500601-be43-8be5-3543-2818be57dd1f",
            "leaf": true,
            "selectable": true,
            "termCodes": [
                {
                    "code": "BDUS",
                    "display": "Ultrasound Bone Densitometry",
                    "system": "http://dicom.nema.org/resources/ontology/DCM",
                    "version": "01"
                }
            ]
        },
        {
            "context": {
                "code": "BILDGEBUNG",
                "display": "Bildgebung",
                "system": "mii.bg"
            },
            "display": "Visual Acuity",
            "id": "b3c708f2-ce73-8741-e518-d34f6e36c331",
            "leaf": true,
            "selectable": true,
            "termCodes": [
                {
                    "code": "VA",
                    "display": "Visual Acuity",
                    "system": "http://dicom.nema.org/resources/ontology/DCM",
                    "version": "01"
                }
            ]
        },
        {
            "context": {
                "code": "BILDGEBUNG",
                "display": "Bildgebung",
                "system": "mii.bg"
            },
            "display": "X-Ray Angiography",
            "id": "44fce156-f8f2-7c47-c6b7-c47183ae36e0",
            "leaf": true,
            "selectable": true,
            "termCodes": [
                {
                    "code": "XA",
                    "display": "X-Ray Angiography",
                    "system": "http://dicom.nema.org/resources/ontology/DCM",
                    "version": "01"
                }
            ]
        }
    ],
    "context": {
        "code": "Bildgebung",
        "display": "Bildgebung",
        "system": "mii.bg"
    },
    "display": "Bildgebung",
    "id": "92676484-36f4-18eb-fa29-906db184ec3a",
    "leaf": false,
    "selectable": false,
    "termCodes": [
        {
            "code": "Bildgebung",
            "display": "Bildgebung",
            "system": "mii.bg"
        }
    ]
}