[
    {
        "attributeSearchParameters": [
            {
                "attributeKey": {
                    "code": "bodySite",
                    "display": "K\u00f6rperstelle",
                    "system": "http://hl7.org/fhir/StructureDefinition"
                },
                "attributeSearchParameter": "bodysite",
                "attributeType": "concept"
            },
            {
                "attributeKey": {
                    "code": "laterality",
                    "display": "laterality",
                    "system": "http://hl7.org/fhir/StructureDefinition"
                },
                "attributeSearchParameter": "mii-series-laterality-code",
                "attributeType": "concept"
            }
        ],
        "context": {
            "code": "BILDGEBUNG",
            "display": "Bildgebung",
            "system": "mii.bg"
        },
        "fhirResourceType": "ImagingStudy",
        "key": {
            "code": "AR",
            "display": "Autorefraction",
            "system": "http://dicom.nema.org/resources/ontology/DCM",
            "version": "01"
        },
        "name": "Bildgebung",
        "termCodeSearchParameter": "modality",
        "timeRestrictionParameter": "started"
    },
    {
        "attributeSearchParameters": [
            {
                "attributeKey": {
                    "code": "bodySite",
                    "display": "K\u00f6rperstelle",
                    "system": "http://hl7.org/fhir/StructureDefinition"
                },
                "attributeSearchParameter": "bodysite",
                "attributeType": "concept"
            },
            {
                "attributeKey": {
                    "code": "laterality",
                    "display": "laterality",
                    "system": "http://hl7.org/fhir/StructureDefinition"
                },
                "attributeSearchParameter": "mii-series-laterality-code",
                "attributeType": "concept"
            }
        ],
        "context": {
            "code": "BILDGEBUNG",
            "display": "Bildgebung",
            "system": "mii.bg"
        },
        "fhirResourceType": "ImagingStudy",
        "key": {
            "code": "BI",
            "display": "Biomagnetic imaging",
            "system": "http://dicom.nema.org/resources/ontology/DCM",
            "version": "01"
        },
        "name": "Bildgebung",
        "termCodeSearchParameter": "modality",
        "timeRestrictionParameter": "started"
    },
    {
        "attributeSearchParameters": [
            {
                "attributeKey": {
                    "code": "bodySite",
                    "display": "K\u00f6rperstelle",
                    "system": "http://hl7.org/fhir/StructureDefinition"
                },
                "attributeSearchParameter": "bodysite",
                "attributeType": "concept"
            },
            {
                "attributeKey": {
                    "code": "laterality",
                    "display": "laterality",
                    "system": "http://hl7.org/fhir/StructureDefinition"
                },
                "attributeSearchParameter": "mii-series-laterality-code",
                "attributeType": "concept"
            }
        ],
        "context": {
            "code": "BILDGEBUNG",
            "display": "Bildgebung",
            "system": "mii.bg"
        },
        "fhirResourceType": "ImagingStudy",
        "key": {
            "code": "BMD",
            "display": "Bone Mineral Densitometry",
            "system": "http://dicom.nema.org/resources/ontology/DCM",
            "version": "01"
        },
        "name": "Bildgebung",
        "termCodeSearchParameter": "modality",
        "timeRestrictionParameter": "started"
    },
    {
        "attributeSearchParameters": [
            {
                "attributeKey": {
                    "code": "bodySite",
                    "display": "K\u00f6rperstelle",
                    "system": "http://hl7.org/fhir/StructureDefinition"
                },
                "attributeSearchParameter": "bodysite",
                "attributeType": "concept"
            },
            {
                "attributeKey": {
                    "code": "laterality",
                    "display": "laterality",
                    "system": "http://hl7.org/fhir/StructureDefinition"
                },
                "attributeSearchParameter": "mii-series-laterality-code",
                "attributeType": "concept"
            }
        ],
        "context": {
            "code": "BILDGEBUNG",
            "display": "Bildgebung",
            "system": "mii.bg"
        },
        "fhirResourceType": "ImagingStudy",
        "key": {
            "code": "EPS",
            "display": "Cardiac Electrophysiology",
            "system": "http://dicom.nema.org/resources/ontology/DCM",
            "version": "01"
        },
        "name": "Bildgebung",
        "termCodeSearchParameter": "modality",
        "timeRestrictionParameter": "started"
    },
    {
        "attributeSearchParameters": [
            {
                "attributeKey": {
                    "code": "bodySite",
                    "display": "K\u00f6rperstelle",
                    "system": "http://hl7.org/fhir/StructureDefinition"
                },
                "attributeSearchParameter": "bodysite",
                "attributeType": "concept"
            },
            {
                "attributeKey": {
                    "code": "laterality",
                    "display": "laterality",
                    "system": "http://hl7.org/fhir/StructureDefinition"
                },
                "attributeSearchParameter": "mii-series-laterality-code",
                "attributeType": "concept"
            }
        ],
        "context": {
            "code": "BILDGEBUNG",
            "display": "Bildgebung",
            "system": "mii.bg"
        },
        "fhirResourceType": "ImagingStudy",
        "key": {
            "code": "CR",
            "display": "Computed Radiography",
            "system": "http://dicom.nema.org/resources/ontology/DCM",
            "version": "01"
        },
        "name": "Bildgebung",
        "termCodeSearchParameter": "modality",
        "timeRestrictionParameter": "started"
    },
    {
        "attributeSearchParameters": [
            {
                "attributeKey": {
                    "code": "bodySite",
                    "display": "K\u00f6rperstelle",
                    "system": "http://hl7.org/fhir/StructureDefinition"
                },
                "attributeSearchParameter": "bodysite",
                "attributeType": "concept"
            },
            {
                "attributeKey": {
                    "code": "laterality",
                    "display": "laterality",
                    "system": "http://hl7.org/fhir/StructureDefinition"
                },
                "attributeSearchParameter": "mii-series-laterality-code",
                "attributeType": "concept"
            }
        ],
        "context": {
            "code": "BILDGEBUNG",
            "display": "Bildgebung",
            "system": "mii.bg"
        },
        "fhirResourceType": "ImagingStudy",
        "key": {
            "code": "CT",
            "display": "Computed Tomography",
            "system": "http://dicom.nema.org/resources/ontology/DCM",
            "version": "01"
        },
        "name": "Bildgebung",
        "termCodeSearchParameter": "modality",
        "timeRestrictionParameter": "started"
    },
    {
        "attributeSearchParameters": [
            {
                "attributeKey": {
                    "code": "bodySite",
                    "display": "K\u00f6rperstelle",
                    "system": "http://hl7.org/fhir/StructureDefinition"
                },
                "attributeSearchParameter": "bodysite",
                "attributeType": "concept"
            },
            {
                "attributeKey": {
                    "code": "laterality",
                    "display": "laterality",
                    "system": "http://hl7.org/fhir/StructureDefinition"
                },
                "attributeSearchParameter": "mii-series-laterality-code",
                "attributeType": "concept"
            }
        ],
        "context": {
            "code": "BILDGEBUNG",
            "display": "Bildgebung",
            "system": "mii.bg"
        },
        "fhirResourceType": "ImagingStudy",
        "key": {
            "code": "DG",
            "display": "Diaphanography",
            "system": "http://dicom.nema.org/resources/ontology/DCM",
            "version": "01"
        },
        "name": "Bildgebung",
        "termCodeSearchParameter": "modality",
        "timeRestrictionParameter": "started"
    },
    {
        "attributeSearchParameters": [
            {
                "attributeKey": {
                    "code": "bodySite",
                    "display": "K\u00f6rperstelle",
                    "system": "http://hl7.org/fhir/StructureDefinition"
                },
                "attributeSearchParameter": "bodysite",
                "attributeType": "concept"
            },
            {
                "attributeKey": {
                    "code": "laterality",
                    "display": "laterality",
                    "system": "http://hl7.org/fhir/StructureDefinition"
                },
                "attributeSearchParameter": "mii-series-laterality-code",
                "attributeType": "concept"
            }
        ],
        "context": {
            "code": "BILDGEBUNG",
            "display": "Bildgebung",
            "system": "mii.bg"
        },
        "fhirResourceType": "ImagingStudy",
        "key": {
            "code": "DX",
            "display": "Digital Radiography",
            "system": "http://dicom.nema.org/resources/ontology/DCM",
            "version": "01"
        },
        "name": "Bildgebung",
        "termCodeSearchParameter": "modality",
        "timeRestrictionParameter": "started"
    },
    {
        "attributeSearchParameters": [
            {
                "attributeKey": {
                    "code": "bodySite",
                    "display": "K\u00f6rperstelle",
                    "system": "http://hl7.org/fhir/StructureDefinition"
                },
                "attributeSearchParameter": "bodysite",
                "attributeType": "concept"
            },
            {
                "attributeKey": {
                    "code": "laterality",
                    "display": "laterality",
                    "system": "http://hl7.org/fhir/StructureDefinition"
                },
                "attributeSearchParameter": "mii-series-laterality-code",
                "attributeType": "concept"
            }
        ],
        "context": {
            "code": "BILDGEBUNG",
            "display": "Bildgebung",
            "system": "mii.bg"
        },
        "fhirResourceType": "ImagingStudy",
        "key": {
            "code": "ECG",
            "display": "Electrocardiography",
            "system": "http://dicom.nema.org/resources/ontology/DCM",
            "version": "01"
        },
        "name": "Bildgebung",
        "termCodeSearchParameter": "modality",
        "timeRestrictionParameter": "started"
    },
    {
        "attributeSearchParameters": [
            {
                "attributeKey": {
                    "code": "bodySite",
                    "display": "K\u00f6rperstelle",
                    "system": "http://hl7.org/fhir/StructureDefinition"
                },
                "attributeSearchParameter": "bodysite",
                "attributeType": "concept"
            },
            {
                "attributeKey": {
                    "code": "laterality",
                    "display": "laterality",
                    "system": "http://hl7.org/fhir/StructureDefinition"
                },
                "attributeSearchParameter": "mii-series-laterality-code",
                "attributeType": "concept"
            }
        ],
        "context": {
            "code": "BILDGEBUNG",
            "display": "Bildgebung",
            "system": "mii.bg"
        },
        "fhirResourceType": "ImagingStudy",
        "key": {
            "code": "ES",
            "display": "Endoscopy",
            "system": "http://dicom.nema.org/resources/ontology/DCM",
            "version": "01"
        },
        "name": "Bildgebung",
        "termCodeSearchParameter": "modality",
        "timeRestrictionParameter": "started"
    },
    {
        "attributeSearchParameters": [
            {
                "attributeKey": {
                    "code": "bodySite",
                    "display": "K\u00f6rperstelle",
                    "system": "http://hl7.org/fhir/StructureDefinition"
                },
                "attributeSearchParameter": "bodysite",
                "attributeType": "concept"
            },
            {
                "attributeKey": {
                    "code": "laterality",
                    "display": "laterality",
                    "system": "http://hl7.org/fhir/StructureDefinition"
                },
                "attributeSearchParameter": "mii-series-laterality-code",
                "attributeType": "concept"
            }
        ],
        "context": {
            "code": "BILDGEBUNG",
            "display": "Bildgebung",
            "system": "mii.bg"
        },
        "fhirResourceType": "ImagingStudy",
        "key": {
            "code": "XC",
            "display": "External-camera Photography",
            "system": "http://dicom.nema.org/resources/ontology/DCM",
            "version": "01"
        },
        "name": "Bildgebung",
        "termCodeSearchParameter": "modality",
        "timeRestrictionParameter": "started"
    },
    {
        "attributeSearchParameters": [
            {
                "attributeKey": {
                    "code": "bodySite",
                    "display": "K\u00f6rperstelle",
                    "system": "http://hl7.org/fhir/StructureDefinition"
                },
                "attributeSearchParameter": "bodysite",
                "attributeType": "concept"
            },
            {
                "attributeKey": {
                    "code": "laterality",
                    "display": "laterality",
                    "system": "http://hl7.org/fhir/StructureDefinition"
                },
                "attributeSearchParameter": "mii-series-laterality-code",
                "attributeType": "concept"
            }
        ],
        "context": {
            "code": "BILDGEBUNG",
            "display": "Bildgebung",
            "system": "mii.bg"
        },
        "fhirResourceType": "ImagingStudy",
        "key": {
            "code": "GM",
            "display": "General Microscopy",
            "system": "http://dicom.nema.org/resources/ontology/DCM",
            "version": "01"
        },
        "name": "Bildgebung",
        "termCodeSearchParameter": "modality",
        "timeRestrictionParameter": "started"
    },
    {
        "attributeSearchParameters": [
            {
                "attributeKey": {
                    "code": "bodySite",
                    "display": "K\u00f6rperstelle",
                    "system": "http://hl7.org/fhir/StructureDefinition"
                },
                "attributeSearchParameter": "bodysite",
                "attributeType": "concept"
            },
            {
                "attributeKey": {
                    "code": "laterality",
                    "display": "laterality",
                    "system": "http://hl7.org/fhir/StructureDefinition"
                },
                "attributeSearchParameter": "mii-series-laterality-code",
                "attributeType": "concept"
            }
        ],
        "context": {
            "code": "BILDGEBUNG",
            "display": "Bildgebung",
            "system": "mii.bg"
        },
        "fhirResourceType": "ImagingStudy",
        "key": {
            "code": "HD",
            "display": "Hemodynamic Waveform",
            "system": "http://dicom.nema.org/resources/ontology/DCM",
            "version": "01"
        },
        "name": "Bildgebung",
        "termCodeSearchParameter": "modality",
        "timeRestrictionParameter": "started"
    },
    {
        "attributeSearchParameters": [
            {
                "attributeKey": {
                    "code": "bodySite",
                    "display": "K\u00f6rperstelle",
                    "system": "http://hl7.org/fhir/StructureDefinition"
                },
                "attributeSearchParameter": "bodysite",
                "attributeType": "concept"
            },
            {
                "attributeKey": {
                    "code": "laterality",
                    "display": "laterality",
                    "system": "http://hl7.org/fhir/StructureDefinition"
                },
                "attributeSearchParameter": "mii-series-laterality-code",
                "attributeType": "concept"
            }
        ],
        "context": {
            "code": "BILDGEBUNG",
            "display": "Bildgebung",
            "system": "mii.bg"
        },
        "fhirResourceType": "ImagingStudy",
        "key": {
            "code": "IO",
            "display": "Intra-oral Radiography",
            "system": "http://dicom.nema.org/resources/ontology/DCM",
            "version": "01"
        },
        "name": "Bildgebung",
        "termCodeSearchParameter": "modality",
        "timeRestrictionParameter": "started"
    },
    {
        "attributeSearchParameters": [
            {
                "attributeKey": {
                    "code": "bodySite",
                    "display": "K\u00f6rperstelle",
                    "system": "http://hl7.org/fhir/StructureDefinition"
                },
                "attributeSearchParameter": "bodysite",
                "attributeType": "concept"
            },
            {
                "attributeKey": {
                    "code": "laterality",
                    "display": "laterality",
                    "system": "http://hl7.org/fhir/StructureDefinition"
                },
                "attributeSearchParameter": "mii-series-laterality-code",
                "attributeType": "concept"
            }
        ],
        "context": {
            "code": "BILDGEBUNG",
            "display": "Bildgebung",
            "system": "mii.bg"
        },
        "fhirResourceType": "ImagingStudy",
        "key": {
            "code": "IVOCT",
            "display": "Intravascular Optical Coherence Tomography",
            "system": "http://dicom.nema.org/resources/ontology/DCM",
            "version": "01"
        },
        "name": "Bildgebung",
        "termCodeSearchParameter": "modality",
        "timeRestrictionParameter": "started"
    },
    {
        "attributeSearchParameters": [
            {
                "attributeKey": {
                    "code": "bodySite",
                    "display": "K\u00f6rperstelle",
                    "system": "http://hl7.org/fhir/StructureDefinition"
                },
                "attributeSearchParameter": "bodysite",
                "attributeType": "concept"
            },
            {
                "attributeKey": {
                    "code": "laterality",
                    "display": "laterality",
                    "system": "http://hl7.org/fhir/StructureDefinition"
                },
                "attributeSearchParameter": "mii-series-laterality-code",
                "attributeType": "concept"
            }
        ],
        "context": {
            "code": "BILDGEBUNG",
            "display": "Bildgebung",
            "system": "mii.bg"
        },
        "fhirResourceType": "ImagingStudy",
        "key": {
            "code": "IVUS",
            "display": "Intravascular Ultrasound",
            "system": "http://dicom.nema.org/resources/ontology/DCM",
            "version": "01"
        },
        "name": "Bildgebung",
        "termCodeSearchParameter": "modality",
        "timeRestrictionParameter": "started"
    },
    {
        "attributeSearchParameters": [
            {
                "attributeKey": {
                    "code": "bodySite",
                    "display": "K\u00f6rperstelle",
                    "system": "http://hl7.org/fhir/StructureDefinition"
                },
                "attributeSearchParameter": "bodysite",
                "attributeType": "concept"
            },
            {
                "attributeKey": {
                    "code": "laterality",
                    "display": "laterality",
                    "system": "http://hl7.org/fhir/StructureDefinition"
                },
                "attributeSearchParameter": "mii-series-laterality-code",
                "attributeType": "concept"
            }
        ],
        "context": {
            "code": "BILDGEBUNG",
            "display": "Bildgebung",
            "system": "mii.bg"
        },
        "fhirResourceType": "ImagingStudy",
        "key": {
            "code": "KER",
            "display": "Keratometry",
            "system": "http://dicom.nema.org/resources/ontology/DCM",
            "version": "01"
        },
        "name": "Bildgebung",
        "termCodeSearchParameter": "modality",
        "timeRestrictionParameter": "started"
    },
    {
        "attributeSearchParameters": [
            {
                "attributeKey": {
                    "code": "bodySite",
                    "display": "K\u00f6rperstelle",
                    "system": "http://hl7.org/fhir/StructureDefinition"
                },
                "attributeSearchParameter": "bodysite",
                "attributeType": "concept"
            },
            {
                "attributeKey": {
                    "code": "laterality",
                    "display": "laterality",
                    "system": "http://hl7.org/fhir/StructureDefinition"
                },
                "attributeSearchParameter": "mii-series-laterality-code",
                "attributeType": "concept"
            }
        ],
        "context": {
            "code": "BILDGEBUNG",
            "display": "Bildgebung",
            "system": "mii.bg"
        },
        "fhirResourceType": "ImagingStudy",
        "key": {
            "code": "LS",
            "display": "Laser surface scan",
            "system": "http://dicom.nema.org/resources/ontology/DCM",
            "version": "01"
        },
        "name": "Bildgebung",
        "termCodeSearchParameter": "modality",
        "timeRestrictionParameter": "started"
    },
    {
        "attributeSearchParameters": [
            {
                "attributeKey": {
                    "code": "bodySite",
                    "display": "K\u00f6rperstelle",
                    "system": "http://hl7.org/fhir/StructureDefinition"
                },
                "attributeSearchParameter": "bodysite",
                "attributeType": "concept"
            },
            {
                "attributeKey": {
                    "code": "laterality",
                    "display": "laterality",
                    "system": "http://hl7.org/fhir/StructureDefinition"
                },
                "attributeSearchParameter": "mii-series-laterality-code",
                "attributeType": "concept"
            }
        ],
        "context": {
            "code": "BILDGEBUNG",
            "display": "Bildgebung",
            "system": "mii.bg"
        },
        "fhirResourceType": "ImagingStudy",
        "key": {
            "code": "LEN",
            "display": "Lensometry",
            "system": "http://dicom.nema.org/resources/ontology/DCM",
            "version": "01"
        },
        "name": "Bildgebung",
        "termCodeSearchParameter": "modality",
        "timeRestrictionParameter": "started"
    },
    {
        "attributeSearchParameters": [
            {
                "attributeKey": {
                    "code": "bodySite",
                    "display": "K\u00f6rperstelle",
                    "system": "http://hl7.org/fhir/StructureDefinition"
                },
                "attributeSearchParameter": "bodysite",
                "attributeType": "concept"
            },
            {
                "attributeKey": {
                    "code": "laterality",
                    "display": "laterality",
                    "system": "http://hl7.org/fhir/StructureDefinition"
                },
                "attributeSearchParameter": "mii-series-laterality-code",
                "attributeType": "concept"
            }
        ],
        "context": {
            "code": "BILDGEBUNG",
            "display": "Bildgebung",
            "system": "mii.bg"
        },
        "fhirResourceType": "ImagingStudy",
        "key": {
            "code": "MR",
            "display": "Magnetic Resonance",
            "system": "http://dicom.nema.org/resources/ontology/DCM",
            "version": "01"
        },
        "name": "Bildgebung",
        "termCodeSearchParameter": "modality",
        "timeRestrictionParameter": "started"
    },
    {
        "attributeSearchParameters": [
            {
                "attributeKey": {
                    "code": "bodySite",
                    "display": "K\u00f6rperstelle",
                    "system": "http://hl7.org/fhir/StructureDefinition"
                },
                "attributeSearchParameter": "bodysite",
                "attributeType": "concept"
            },
            {
                "attributeKey": {
                    "code": "laterality",
                    "display": "laterality",
                    "system": "http://hl7.org/fhir/StructureDefinition"
                },
                "attributeSearchParameter": "mii-series-laterality-code",
                "attributeType": "concept"
            }
        ],
        "context": {
            "code": "BILDGEBUNG",
            "display": "Bildgebung",
            "system": "mii.bg"
        },
        "fhirResourceType": "ImagingStudy",
        "key": {
            "code": "MG",
            "display": "Mammography",
            "system": "http://dicom.nema.org/resources/ontology/DCM",
            "version": "01"
        },
        "name": "Bildgebung",
        "termCodeSearchParameter": "modality",
        "timeRestrictionParameter": "started"
    },
    {
        "attributeSearchParameters": [
            {
                "attributeKey": {
                    "code": "bodySite",
                    "display": "K\u00f6rperstelle",
                    "system": "http://hl7.org/fhir/StructureDefinition"
                },
                "attributeSearchParameter": "bodysite",
                "attributeType": "concept"
            },
            {
                "attributeKey": {
                    "code": "laterality",
                    "display": "laterality",
                    "system": "http://hl7.org/fhir/StructureDefinition"
                },
                "attributeSearchParameter": "mii-series-laterality-code",
                "attributeType": "concept"
            }
        ],
        "context": {
            "code": "BILDGEBUNG",
            "display": "Bildgebung",
            "system": "mii.bg"
        },
        "fhirResourceType": "ImagingStudy",
        "key": {
            "code": "NM",
            "display": "Nuclear Medicine",
            "system": "http://dicom.nema.org/resources/ontology/DCM",
            "version": "01"
        },
        "name": "Bildgebung",
        "termCodeSearchParameter": "modality",
        "timeRestrictionParameter": "started"
    },
    {
        "attributeSearchParameters": [
            {
                "attributeKey": {
                    "code": "bodySite",
                    "display": "K\u00f6rperstelle",
                    "system": "http://hl7.org/fhir/StructureDefinition"
                },
                "attributeSearchParameter": "bodysite",
                "attributeType": "concept"
            },
            {
                "attributeKey": {
                    "code": "laterality",
                    "display": "laterality",
                    "system": "http://hl7.org/fhir/StructureDefinition"
                },
                "attributeSearchParameter": "mii-series-laterality-code",
                "attributeType": "concept"
            }
        ],
        "context": {
            "code": "BILDGEBUNG",
            "display": "Bildgebung",
            "system": "mii.bg"
        },
        "fhirResourceType": "ImagingStudy",
        "key": {
            "code": "OAM",
            "display": "Ophthalmic Axial Measurements",
            "system": "http://dicom.nema.org/resources/ontology/DCM",
            "version": "01"
        },
        "name": "Bildgebung",
        "termCodeSearchParameter": "modality",
        "timeRestrictionParameter": "started"
    },
    {
        "attributeSearchParameters": [
            {
                "attributeKey": {
                    "code": "bodySite",
                    "display": "K\u00f6rperstelle",
                    "system": "http://hl7.org/fhir/StructureDefinition"
                },
                "attributeSearchParameter": "bodysite",
                "attributeType": "concept"
            },
            {
                "attributeKey": {
                    "code": "laterality",
                    "display": "laterality",
                    "system": "http://hl7.org/fhir/StructureDefinition"
                },
                "attributeSearchParameter": "mii-series-laterality-code",
                "attributeType": "concept"
            }
        ],
        "context": {
            "code": "BILDGEBUNG",
            "display": "Bildgebung",
            "system": "mii.bg"
        },
        "fhirResourceType": "ImagingStudy",
        "key": {
            "code": "OPM",
            "display": "Ophthalmic Mapping",
            "system": "http://dicom.nema.org/resources/ontology/DCM",
            "version": "01"
        },
        "name": "Bildgebung",
        "termCodeSearchParameter": "modality",
        "timeRestrictionParameter": "started"
    },
    {
        "attributeSearchParameters": [
            {
                "attributeKey": {
                    "code": "bodySite",
                    "display": "K\u00f6rperstelle",
                    "system": "http://hl7.org/fhir/StructureDefinition"
                },
                "attributeSearchParameter": "bodysite",
                "attributeType": "concept"
            },
            {
                "attributeKey": {
                    "code": "laterality",
                    "display": "laterality",
                    "system": "http://hl7.org/fhir/StructureDefinition"
                },
                "attributeSearchParameter": "mii-series-laterality-code",
                "attributeType": "concept"
            }
        ],
        "context": {
            "code": "BILDGEBUNG",
            "display": "Bildgebung",
            "system": "mii.bg"
        },
        "fhirResourceType": "ImagingStudy",
        "key": {
            "code": "OP",
            "display": "Ophthalmic photography",
            "system": "http://dicom.nema.org/resources/ontology/DCM",
            "version": "01"
        },
        "name": "Bildgebung",
        "termCodeSearchParameter": "modality",
        "timeRestrictionParameter": "started"
    },
    {
        "attributeSearchParameters": [
            {
                "attributeKey": {
                    "code": "bodySite",
                    "display": "K\u00f6rperstelle",
                    "system": "http://hl7.org/fhir/StructureDefinition"
                },
                "attributeSearchParameter": "bodysite",
                "attributeType": "concept"
            },
            {
                "attributeKey": {
                    "code": "laterality",
                    "display": "laterality",
                    "system": "http://hl7.org/fhir/StructureDefinition"
                },
                "attributeSearchParameter": "mii-series-laterality-code",
                "attributeType": "concept"
            }
        ],
        "context": {
            "code": "BILDGEBUNG",
            "display": "Bildgebung",
            "system": "mii.bg"
        },
        "fhirResourceType": "ImagingStudy",
        "key": {
            "code": "OPT",
            "display": "Ophthalmic Tomography",
            "system": "http://dicom.nema.org/resources/ontology/DCM",
            "version": "01"
        },
        "name": "Bildgebung",
        "termCodeSearchParameter": "modality",
        "timeRestrictionParameter": "started"
    },
    {
        "attributeSearchParameters": [
            {
                "attributeKey": {
                    "code": "bodySite",
                    "display": "K\u00f6rperstelle",
                    "system": "http://hl7.org/fhir/StructureDefinition"
                },
                "attributeSearchParameter": "bodysite",
                "attributeType": "concept"
            },
            {
                "attributeKey": {
                    "code": "laterality",
                    "display": "laterality",
                    "system": "http://hl7.org/fhir/StructureDefinition"
                },
                "attributeSearchParameter": "mii-series-laterality-code",
                "attributeType": "concept"
            }
        ],
        "context": {
            "code": "BILDGEBUNG",
            "display": "Bildgebung",
            "system": "mii.bg"
        },
        "fhirResourceType": "ImagingStudy",
        "key": {
            "code": "OPV",
            "display": "Ophthalmic Visual Field",
            "system": "http://dicom.nema.org/resources/ontology/DCM",
            "version": "01"
        },
        "name": "Bildgebung",
        "termCodeSearchParameter": "modality",
        "timeRestrictionParameter": "started"
    },
    {
        "attributeSearchParameters": [
            {
                "attributeKey": {
                    "code": "bodySite",
                    "display": "K\u00f6rperstelle",
                    "system": "http://hl7.org/fhir/StructureDefinition"
                },
                "attributeSearchParameter": "bodysite",
                "attributeType": "concept"
            },
            {
                "attributeKey": {
                    "code": "laterality",
                    "display": "laterality",
                    "system": "http://hl7.org/fhir/StructureDefinition"
                },
                "attributeSearchParameter": "mii-series-laterality-code",
                "attributeType": "concept"
            }
        ],
        "context": {
            "code": "BILDGEBUNG",
            "display": "Bildgebung",
            "system": "mii.bg"
        },
        "fhirResourceType": "ImagingStudy",
        "key": {
            "code": "OCT",
            "display": "Optical Coherence Tomography",
            "system": "http://dicom.nema.org/resources/ontology/DCM",
            "version": "01"
        },
        "name": "Bildgebung",
        "termCodeSearchParameter": "modality",
        "timeRestrictionParameter": "started"
    },
    {
        "attributeSearchParameters": [
            {
                "attributeKey": {
                    "code": "bodySite",
                    "display": "K\u00f6rperstelle",
                    "system": "http://hl7.org/fhir/StructureDefinition"
                },
                "attributeSearchParameter": "bodysite",
                "attributeType": "concept"
            },
            {
                "attributeKey": {
                    "code": "laterality",
                    "display": "laterality",
                    "system": "http://hl7.org/fhir/StructureDefinition"
                },
                "attributeSearchParameter": "mii-series-laterality-code",
                "attributeType": "concept"
            }
        ],
        "context": {
            "code": "BILDGEBUNG",
            "display": "Bildgebung",
            "system": "mii.bg"
        },
        "fhirResourceType": "ImagingStudy",
        "key": {
            "code": "OSS",
            "display": "Optical Survace Scanner",
            "system": "http://dicom.nema.org/resources/ontology/DCM",
            "version": "01"
        },
        "name": "Bildgebung",
        "termCodeSearchParameter": "modality",
        "timeRestrictionParameter": "started"
    },
    {
        "attributeSearchParameters": [
            {
                "attributeKey": {
                    "code": "bodySite",
                    "display": "K\u00f6rperstelle",
                    "system": "http://hl7.org/fhir/StructureDefinition"
                },
                "attributeSearchParameter": "bodysite",
                "attributeType": "concept"
            },
            {
                "attributeKey": {
                    "code": "laterality",
                    "display": "laterality",
                    "system": "http://hl7.org/fhir/StructureDefinition"
                },
                "attributeSearchParameter": "mii-series-laterality-code",
                "attributeType": "concept"
            }
        ],
        "context": {
            "code": "BILDGEBUNG",
            "display": "Bildgebung",
            "system": "mii.bg"
        },
        "fhirResourceType": "ImagingStudy",
        "key": {
            "code": "PX",
            "display": "Panoramic X-Ray",
            "system": "http://dicom.nema.org/resources/ontology/DCM",
            "version": "01"
        },
        "name": "Bildgebung",
        "termCodeSearchParameter": "modality",
        "timeRestrictionParameter": "started"
    },
    {
        "attributeSearchParameters": [
            {
                "attributeKey": {
                    "code": "bodySite",
                    "display": "K\u00f6rperstelle",
                    "system": "http://hl7.org/fhir/StructureDefinition"
                },
                "attributeSearchParameter": "bodysite",
                "attributeType": "concept"
            },
            {
                "attributeKey": {
                    "code": "laterality",
                    "display": "laterality",
                    "system": "http://hl7.org/fhir/StructureDefinition"
                },
                "attributeSearchParameter": "mii-series-laterality-code",
                "attributeType": "concept"
            }
        ],
        "context": {
            "code": "BILDGEBUNG",
            "display": "Bildgebung",
            "system": "mii.bg"
        },
        "fhirResourceType": "ImagingStudy",
        "key": {
            "code": "PT",
            "display": "Positron emission tomography",
            "system": "http://dicom.nema.org/resources/ontology/DCM",
            "version": "01"
        },
        "name": "Bildgebung",
        "termCodeSearchParameter": "modality",
        "timeRestrictionParameter": "started"
    },
    {
        "attributeSearchParameters": [
            {
                "attributeKey": {
                    "code": "bodySite",
                    "display": "K\u00f6rperstelle",
                    "system": "http://hl7.org/fhir/StructureDefinition"
                },
                "attributeSearchParameter": "bodysite",
                "attributeType": "concept"
            },
            {
                "attributeKey": {
                    "code": "laterality",
                    "display": "laterality",
                    "system": "http://hl7.org/fhir/StructureDefinition"
                },
                "attributeSearchParameter": "mii-series-laterality-code",
                "attributeType": "concept"
            }
        ],
        "context": {
            "code": "BILDGEBUNG",
            "display": "Bildgebung",
            "system": "mii.bg"
        },
        "fhirResourceType": "ImagingStudy",
        "key": {
            "code": "RF",
            "display": "Radiofluoroscopy",
            "system": "http://dicom.nema.org/resources/ontology/DCM",
            "version": "01"
        },
        "name": "Bildgebung",
        "termCodeSearchParameter": "modality",
        "timeRestrictionParameter": "started"
    },
    {
        "attributeSearchParameters": [
            {
                "attributeKey": {
                    "code": "bodySite",
                    "display": "K\u00f6rperstelle",
                    "system": "http://hl7.org/fhir/StructureDefinition"
                },
                "attributeSearchParameter": "bodysite",
                "attributeType": "concept"
            },
            {
                "attributeKey": {
                    "code": "laterality",
                    "display": "laterality",
                    "system": "http://hl7.org/fhir/StructureDefinition"
                },
                "attributeSearchParameter": "mii-series-laterality-code",
                "attributeType": "concept"
            }
        ],
        "context": {
            "code": "BILDGEBUNG",
            "display": "Bildgebung",
            "system": "mii.bg"
        },
        "fhirResourceType": "ImagingStudy",
        "key": {
            "code": "RG",
            "display": "Radiographic imaging",
            "system": "http://dicom.nema.org/resources/ontology/DCM",
            "version": "01"
        },
        "name": "Bildgebung",
        "termCodeSearchParameter": "modality",
        "timeRestrictionParameter": "started"
    },
    {
        "attributeSearchParameters": [
            {
                "attributeKey": {
                    "code": "bodySite",
                    "display": "K\u00f6rperstelle",
                    "system": "http://hl7.org/fhir/StructureDefinition"
                },
                "attributeSearchParameter": "bodysite",
                "attributeType": "concept"
            },
            {
                "attributeKey": {
                    "code": "laterality",
                    "display": "laterality",
                    "system": "http://hl7.org/fhir/StructureDefinition"
                },
                "attributeSearchParameter": "mii-series-laterality-code",
                "attributeType": "concept"
            }
        ],
        "context": {
            "code": "BILDGEBUNG",
            "display": "Bildgebung",
            "system": "mii.bg"
        },
        "fhirResourceType": "ImagingStudy",
        "key": {
            "code": "RTIMAGE",
            "display": "Radiotherapy Image",
            "system": "http://dicom.nema.org/resources/ontology/DCM",
            "version": "01"
        },
        "name": "Bildgebung",
        "termCodeSearchParameter": "modality",
        "timeRestrictionParameter": "started"
    },
    {
        "attributeSearchParameters": [
            {
                "attributeKey": {
                    "code": "bodySite",
                    "display": "K\u00f6rperstelle",
                    "system": "http://hl7.org/fhir/StructureDefinition"
                },
                "attributeSearchParameter": "bodysite",
                "attributeType": "concept"
            },
            {
                "attributeKey": {
                    "code": "laterality",
                    "display": "laterality",
                    "system": "http://hl7.org/fhir/StructureDefinition"
                },
                "attributeSearchParameter": "mii-series-laterality-code",
                "attributeType": "concept"
            }
        ],
        "context": {
            "code": "BILDGEBUNG",
            "display": "Bildgebung",
            "system": "mii.bg"
        },
        "fhirResourceType": "ImagingStudy",
        "key": {
            "code": "SM",
            "display": "Slide Microscopy",
            "system": "http://dicom.nema.org/resources/ontology/DCM",
            "version": "01"
        },
        "name": "Bildgebung",
        "termCodeSearchParameter": "modality",
        "timeRestrictionParameter": "started"
    },
    {
        "attributeSearchParameters": [
            {
                "attributeKey": {
                    "code": "bodySite",
                    "display": "K\u00f6rperstelle",
                    "system": "http://hl7.org/fhir/StructureDefinition"
                },
                "attributeSearchParameter": "bodysite",
                "attributeType": "concept"
            },
            {
                "attributeKey": {
                    "code": "laterality",
                    "display": "laterality",
                    "system": "http://hl7.org/fhir/StructureDefinition"
                },
                "attributeSearchParameter": "mii-series-laterality-code",
                "attributeType": "concept"
            }
        ],
        "context": {
            "code": "BILDGEBUNG",
            "display": "Bildgebung",
            "system": "mii.bg"
        },
        "fhirResourceType": "ImagingStudy",
        "key": {
            "code": "SRF",
            "display": "Subjective Refraction",
            "system": "http://dicom.nema.org/resources/ontology/DCM",
            "version": "01"
        },
        "name": "Bildgebung",
        "termCodeSearchParameter": "modality",
        "timeRestrictionParameter": "started"
    },
    {
        "attributeSearchParameters": [
            {
                "attributeKey": {
                    "code": "bodySite",
                    "display": "K\u00f6rperstelle",
                    "system": "http://hl7.org/fhir/StructureDefinition"
                },
                "attributeSearchParameter": "bodysite",
                "attributeType": "concept"
            },
            {
                "attributeKey": {
                    "code": "laterality",
                    "display": "laterality",
                    "system": "http://hl7.org/fhir/StructureDefinition"
                },
                "attributeSearchParameter": "mii-series-laterality-code",
                "attributeType": "concept"
            }
        ],
        "context": {
            "code": "BILDGEBUNG",
            "display": "Bildgebung",
            "system": "mii.bg"
        },
        "fhirResourceType": "ImagingStudy",
        "key": {
            "code": "TG",
            "display": "Thermography",
            "system": "http://dicom.nema.org/resources/ontology/DCM",
            "version": "01"
        },
        "name": "Bildgebung",
        "termCodeSearchParameter": "modality",
        "timeRestrictionParameter": "started"
    },
    {
        "attributeSearchParameters": [
            {
                "attributeKey": {
                    "code": "bodySite",
                    "display": "K\u00f6rperstelle",
                    "system": "http://hl7.org/fhir/StructureDefinition"
                },
                "attributeSearchParameter": "bodysite",
                "attributeType": "concept"
            },
            {
                "attributeKey": {
                    "code": "laterality",
                    "display": "laterality",
                    "system": "http://hl7.org/fhir/StructureDefinition"
                },
                "attributeSearchParameter": "mii-series-laterality-code",
                "attributeType": "concept"
            }
        ],
        "context": {
            "code": "BILDGEBUNG",
            "display": "Bildgebung",
            "system": "mii.bg"
        },
        "fhirResourceType": "ImagingStudy",
        "key": {
            "code": "US",
            "display": "Ultrasound",
            "system": "http://dicom.nema.org/resources/ontology/DCM",
            "version": "01"
        },
        "name": "Bildgebung",
        "termCodeSearchParameter": "modality",
        "timeRestrictionParameter": "started"
    },
    {
        "attributeSearchParameters": [
            {
                "attributeKey": {
                    "code": "bodySite",
                    "display": "K\u00f6rperstelle",
                    "system": "http://hl7.org/fhir/StructureDefinition"
                },
                "attributeSearchParameter": "bodysite",
                "attributeType": "concept"
            },
            {
                "attributeKey": {
                    "code": "laterality",
                    "display": "laterality",
                    "system": "http://hl7.org/fhir/StructureDefinition"
                },
                "attributeSearchParameter": "mii-series-laterality-code",
                "attributeType": "concept"
            }
        ],
        "context": {
            "code": "BILDGEBUNG",
            "display": "Bildgebung",
            "system": "mii.bg"
        },
        "fhirResourceType": "ImagingStudy",
        "key": {
            "code": "BDUS",
            "display": "Ultrasound Bone Densitometry",
            "system": "http://dicom.nema.org/resources/ontology/DCM",
            "version": "01"
        },
        "name": "Bildgebung",
        "termCodeSearchParameter": "modality",
        "timeRestrictionParameter": "started"
    },
    {
        "attributeSearchParameters": [
            {
                "attributeKey": {
                    "code": "bodySite",
                    "display": "K\u00f6rperstelle",
                    "system": "http://hl7.org/fhir/StructureDefinition"
                },
                "attributeSearchParameter": "bodysite",
                "attributeType": "concept"
            },
            {
                "attributeKey": {
                    "code": "laterality",
                    "display": "laterality",
                    "system": "http://hl7.org/fhir/StructureDefinition"
                },
                "attributeSearchParameter": "mii-series-laterality-code",
                "attributeType": "concept"
            }
        ],
        "context": {
            "code": "BILDGEBUNG",
            "display": "Bildgebung",
            "system": "mii.bg"
        },
        "fhirResourceType": "ImagingStudy",
        "key": {
            "code": "VA",
            "display": "Visual Acuity",
            "system": "http://dicom.nema.org/resources/ontology/DCM",
            "version": "01"
        },
        "name": "Bildgebung",
        "termCodeSearchParameter": "modality",
        "timeRestrictionParameter": "started"
    },
    {
        "attributeSearchParameters": [
            {
                "attributeKey": {
                    "code": "bodySite",
                    "display": "K\u00f6rperstelle",
                    "system": "http://hl7.org/fhir/StructureDefinition"
                },
                "attributeSearchParameter": "bodysite",
                "attributeType": "concept"
            },
            {
                "attributeKey": {
                    "code": "laterality",
                    "display": "laterality",
                    "system": "http://hl7.org/fhir/StructureDefinition"
                },
                "attributeSearchParameter": "mii-series-laterality-code",
                "attributeType": "concept"
            }
        ],
        "context": {
            "code": "BILDGEBUNG",
            "display": "Bildgebung",
            "system": "mii.bg"
        },
        "fhirResourceType": "ImagingStudy",
        "key": {
            "code": "XA",
            "display": "X-Ray Angiography",
            "system": "http://dicom.nema.org/resources/ontology/DCM",
            "version": "01"
        },
        "name": "Bildgebung",
        "termCodeSearchParameter": "modality",
        "timeRestrictionParameter": "started"
    }
]