{
    "children": [
        {
            "context": {
                "code": "OncoSpecimen",
                "display": "OncoSpecimen",
                "system": "bzkf.dktk.oncology"
            },
            "display": "Ascites",
            "id": "6b2d357e-0956-fb16-c035-36bdfdb151a5",
            "leaf": true,
            "selectable": true,
            "termCodes": [
                {
                    "code": "ascites",
                    "display": "Ascites",
                    "system": "https://fhir.bbmri.de/CodeSystem/SampleMaterialType",
                    "version": "1.2.0"
                }
            ]
        },
        {
            "context": {
                "code": "OncoSpecimen",
                "display": "OncoSpecimen",
                "system": "bzkf.dktk.oncology"
            },
            "display": "Bone marrow",
            "id": "4e8f1261-d79e-816f-ecfb-a9c27ecbf121",
            "leaf": true,
            "selectable": true,
            "termCodes": [
                {
                    "code": "bone-marrow",
                    "display": "Bone marrow",
                    "system": "https://fhir.bbmri.de/CodeSystem/SampleMaterialType",
                    "version": "1.2.0"
                }
            ]
        },
        {
            "context": {
                "code": "OncoSpecimen",
                "display": "OncoSpecimen",
                "system": "bzkf.dktk.oncology"
            },
            "display": "Buffy-Coat",
            "id": "6288aaa6-e662-c7fe-d3f0-8f54840a184e",
            "leaf": true,
            "selectable": true,
            "termCodes": [
                {
                    "code": "buffy-coat",
                    "display": "Buffy-Coat",
                    "system": "https://fhir.bbmri.de/CodeSystem/SampleMaterialType",
                    "version": "1.2.0"
                }
            ]
        },
        {
            "context": {
                "code": "OncoSpecimen",
                "display": "OncoSpecimen",
                "system": "bzkf.dktk.oncology"
            },
            "display": "CSF/Liquor",
            "id": "6fc96c50-5b89-4792-0215-e11fc546d44a",
            "leaf": true,
            "selectable": true,
            "termCodes": [
                {
                    "code": "csf-liquor",
                    "display": "CSF/Liquor",
                    "system": "https://fhir.bbmri.de/CodeSystem/SampleMaterialType",
                    "version": "1.2.0"
                }
            ]
        },
        {
            "children": [
                {
                    "context": {
                        "code": "OncoSpecimen",
                        "display": "OncoSpecimen",
                        "system": "bzkf.dktk.oncology"
                    },
                    "display": "cfDNA",
                    "id": "0324b749-e0ae-6a96-b4f9-e58a12438770",
                    "leaf": true,
                    "selectable": true,
                    "termCodes": [
                        {
                            "code": "cf-dna",
                            "display": "cfDNA",
                            "system": "https://fhir.bbmri.de/CodeSystem/SampleMaterialType",
                            "version": "1.2.0"
                        }
                    ]
                },
                {
                    "context": {
                        "code": "OncoSpecimen",
                        "display": "OncoSpecimen",
                        "system": "bzkf.dktk.oncology"
                    },
                    "display": "gDNA",
                    "id": "71c4eec4-168b-33c0-4ffc-2035f0582ba8",
                    "leaf": true,
                    "selectable": true,
                    "termCodes": [
                        {
                            "code": "g-dna",
                            "display": "gDNA",
                            "system": "https://fhir.bbmri.de/CodeSystem/SampleMaterialType",
                            "version": "1.2.0"
                        }
                    ]
                }
            ],
            "context": {
                "code": "OncoSpecimen",
                "display": "OncoSpecimen",
                "system": "bzkf.dktk.oncology"
            },
            "display": "Dna",
            "id": "9424d0fd-9c81-7b18-762d-bbf28e28fb09",
            "leaf": false,
            "selectable": true,
            "termCodes": [
                {
                    "code": "dna",
                    "display": "Dna",
                    "system": "https://fhir.bbmri.de/CodeSystem/SampleMaterialType",
                    "version": "1.2.0"
                }
            ]
        },
        {
            "context": {
                "code": "OncoSpecimen",
                "display": "OncoSpecimen",
                "system": "bzkf.dktk.oncology"
            },
            "display": "Dried whole blood",
            "id": "81744d2d-d4fa-2e7d-3604-e61306e31256",
            "leaf": true,
            "selectable": true,
            "termCodes": [
                {
                    "code": "dried-whole-blood",
                    "display": "Dried whole blood",
                    "system": "https://fhir.bbmri.de/CodeSystem/SampleMaterialType",
                    "version": "1.2.0"
                }
            ]
        },
        {
            "context": {
                "code": "OncoSpecimen",
                "display": "OncoSpecimen",
                "system": "bzkf.dktk.oncology"
            },
            "display": "Other derivative",
            "id": "1936ab2c-8cdd-061a-ae9a-121bb8d6c7b6",
            "leaf": true,
            "selectable": true,
            "termCodes": [
                {
                    "code": "derivative-other",
                    "display": "Other derivative",
                    "system": "https://fhir.bbmri.de/CodeSystem/SampleMaterialType",
                    "version": "1.2.0"
                }
            ]
        },
        {
            "context": {
                "code": "OncoSpecimen",
                "display": "OncoSpecimen",
                "system": "bzkf.dktk.oncology"
            },
            "display": "Other liquid biosample/storage",
            "id": "ed763785-6c7a-2f14-e282-d0676212651b",
            "leaf": true,
            "selectable": true,
            "termCodes": [
                {
                    "code": "liquid-other",
                    "display": "Other liquid biosample/storage",
                    "system": "https://fhir.bbmri.de/CodeSystem/SampleMaterialType",
                    "version": "1.2.0"
                }
            ]
        },
        {
            "context": {
                "code": "OncoSpecimen",
                "display": "OncoSpecimen",
                "system": "bzkf.dktk.oncology"
            },
            "display": "Other tissue storage",
            "id": "0b6bb0b3-fec5-51a4-34c2-e4354ac83c09",
            "leaf": true,
            "selectable": true,
            "termCodes": [
                {
                    "code": "tissue-other",
                    "display": "Other tissue storage",
                    "system": "https://fhir.bbmri.de/CodeSystem/SampleMaterialType",
                    "version": "1.2.0"
                }
            ]
        },
        {
            "context": {
                "code": "OncoSpecimen",
                "display": "OncoSpecimen",
                "system": "bzkf.dktk.oncology"
            },
            "display": "Peripheral blood mononuclear cells (PBMCs, viable)",
            "id": "0680cbd6-60ea-f3ff-3283-e71707288b92",
            "leaf": true,
            "selectable": true,
            "termCodes": [
                {
                    "code": "peripheral-blood-cells-vital",
                    "display": "Peripheral blood mononuclear cells (PBMCs, viable)",
                    "system": "https://fhir.bbmri.de/CodeSystem/SampleMaterialType",
                    "version": "1.2.0"
                }
            ]
        },
        {
            "children": [
                {
                    "context": {
                        "code": "OncoSpecimen",
                        "display": "OncoSpecimen",
                        "system": "bzkf.dktk.oncology"
                    },
                    "display": "Plasma, cell free",
                    "id": "7410ceb2-baa3-f614-259a-7884ffc7bc96",
                    "leaf": true,
                    "selectable": true,
                    "termCodes": [
                        {
                            "code": "plasma-cell-free",
                            "display": "Plasma, cell free",
                            "system": "https://fhir.bbmri.de/CodeSystem/SampleMaterialType",
                            "version": "1.2.0"
                        }
                    ]
                },
                {
                    "context": {
                        "code": "OncoSpecimen",
                        "display": "OncoSpecimen",
                        "system": "bzkf.dktk.oncology"
                    },
                    "display": "Plasma, Citrat",
                    "id": "dbed6911-6c8d-2f39-07b3-cebc389b5fe9",
                    "leaf": true,
                    "selectable": true,
                    "termCodes": [
                        {
                            "code": "plasma-citrat",
                            "display": "Plasma, Citrat",
                            "system": "https://fhir.bbmri.de/CodeSystem/SampleMaterialType",
                            "version": "1.2.0"
                        }
                    ]
                },
                {
                    "context": {
                        "code": "OncoSpecimen",
                        "display": "OncoSpecimen",
                        "system": "bzkf.dktk.oncology"
                    },
                    "display": "Plasma, EDTA",
                    "id": "c3e682e2-7e85-8f74-4397-de0e42fc5acf",
                    "leaf": true,
                    "selectable": true,
                    "termCodes": [
                        {
                            "code": "plasma-edta",
                            "display": "Plasma, EDTA",
                            "system": "https://fhir.bbmri.de/CodeSystem/SampleMaterialType",
                            "version": "1.2.0"
                        }
                    ]
                },
                {
                    "context": {
                        "code": "OncoSpecimen",
                        "display": "OncoSpecimen",
                        "system": "bzkf.dktk.oncology"
                    },
                    "display": "Plasma, Heparin",
                    "id": "be46871c-2d2f-20b7-e029-40601b20c446",
                    "leaf": true,
                    "selectable": true,
                    "termCodes": [
                        {
                            "code": "plasma-heparin",
                            "display": "Plasma, Heparin",
                            "system": "https://fhir.bbmri.de/CodeSystem/SampleMaterialType",
                            "version": "1.2.0"
                        }
                    ]
                },
                {
                    "context": {
                        "code": "OncoSpecimen",
                        "display": "OncoSpecimen",
                        "system": "bzkf.dktk.oncology"
                    },
                    "display": "Plasma, other",
                    "id": "49d3adc3-51f8-2099-bcab-241647106134",
                    "leaf": true,
                    "selectable": true,
                    "termCodes": [
                        {
                            "code": "plasma-other",
                            "display": "Plasma, other",
                            "system": "https://fhir.bbmri.de/CodeSystem/SampleMaterialType",
                            "version": "1.2.0"
                        }
                    ]
                }
            ],
            "context": {
                "code": "OncoSpecimen",
                "display": "OncoSpecimen",
                "system": "bzkf.dktk.oncology"
            },
            "display": "Plasma",
            "id": "16f1fb64-ada7-b5c0-ddc9-fc9f8740fb65",
            "leaf": false,
            "selectable": true,
            "termCodes": [
                {
                    "code": "blood-plasma",
                    "display": "Plasma",
                    "system": "https://fhir.bbmri.de/CodeSystem/SampleMaterialType",
                    "version": "1.2.0"
                }
            ]
        },
        {
            "context": {
                "code": "OncoSpecimen",
                "display": "OncoSpecimen",
                "system": "bzkf.dktk.oncology"
            },
            "display": "Rna",
            "id": "cb8cc0ea-6892-c01a-294d-8f8e572999ab",
            "leaf": true,
            "selectable": true,
            "termCodes": [
                {
                    "code": "rna",
                    "display": "Rna",
                    "system": "https://fhir.bbmri.de/CodeSystem/SampleMaterialType",
                    "version": "1.2.0"
                }
            ]
        },
        {
            "context": {
                "code": "OncoSpecimen",
                "display": "OncoSpecimen",
                "system": "bzkf.dktk.oncology"
            },
            "display": "Saliva",
            "id": "87c38da4-c158-511e-788f-02c0f4cc5cdd",
            "leaf": true,
            "selectable": true,
            "termCodes": [
                {
                    "code": "saliva",
                    "display": "Saliva",
                    "system": "https://fhir.bbmri.de/CodeSystem/SampleMaterialType",
                    "version": "1.2.0"
                }
            ]
        },
        {
            "context": {
                "code": "OncoSpecimen",
                "display": "OncoSpecimen",
                "system": "bzkf.dktk.oncology"
            },
            "display": "Serum",
            "id": "8b52315b-aebc-75e8-4c42-b267dfabd211",
            "leaf": true,
            "selectable": true,
            "termCodes": [
                {
                    "code": "blood-serum",
                    "display": "Serum",
                    "system": "https://fhir.bbmri.de/CodeSystem/SampleMaterialType",
                    "version": "1.2.0"
                }
            ]
        },
        {
            "context": {
                "code": "OncoSpecimen",
                "display": "OncoSpecimen",
                "system": "bzkf.dktk.oncology"
            },
            "display": "Stool/Faeces",
            "id": "a327c863-a1d6-ca32-72b7-0ef8c2af8f66",
            "leaf": true,
            "selectable": true,
            "termCodes": [
                {
                    "code": "stool-faeces",
                    "display": "Stool/Faeces",
                    "system": "https://fhir.bbmri.de/CodeSystem/SampleMaterialType",
                    "version": "1.2.0"
                }
            ]
        },
        {
            "context": {
                "code": "OncoSpecimen",
                "display": "OncoSpecimen",
                "system": "bzkf.dktk.oncology"
            },
            "display": "Swab",
            "id": "4126cfbe-396e-0eb8-6521-00542a9d9428",
            "leaf": true,
            "selectable": true,
            "termCodes": [
                {
                    "code": "swab",
                    "display": "Swab",
                    "system": "https://fhir.bbmri.de/CodeSystem/SampleMaterialType",
                    "version": "1.2.0"
                }
            ]
        },
        {
            "children": [
                {
                    "context": {
                        "code": "OncoSpecimen",
                        "display": "OncoSpecimen",
                        "system": "bzkf.dktk.oncology"
                    },
                    "display": "Normal tissue (FFPE)",
                    "id": "38cb6d43-9c36-8dc7-5ed0-6c497b78cb13",
                    "leaf": true,
                    "selectable": true,
                    "termCodes": [
                        {
                            "code": "normal-tissue-ffpe",
                            "display": "Normal tissue (FFPE)",
                            "system": "https://fhir.bbmri.de/CodeSystem/SampleMaterialType",
                            "version": "1.2.0"
                        }
                    ]
                },
                {
                    "context": {
                        "code": "OncoSpecimen",
                        "display": "OncoSpecimen",
                        "system": "bzkf.dktk.oncology"
                    },
                    "display": "Other tissue (FFPE)",
                    "id": "d22b8f7a-d000-9e92-2a8f-749fc073ea46",
                    "leaf": true,
                    "selectable": true,
                    "termCodes": [
                        {
                            "code": "other-tissue-ffpe",
                            "display": "Other tissue (FFPE)",
                            "system": "https://fhir.bbmri.de/CodeSystem/SampleMaterialType",
                            "version": "1.2.0"
                        }
                    ]
                },
                {
                    "context": {
                        "code": "OncoSpecimen",
                        "display": "OncoSpecimen",
                        "system": "bzkf.dktk.oncology"
                    },
                    "display": "Tumor tissue (FFPE)",
                    "id": "2a59841f-8155-9758-738b-d60c2a993542",
                    "leaf": true,
                    "selectable": true,
                    "termCodes": [
                        {
                            "code": "tumor-tissue-ffpe",
                            "display": "Tumor tissue (FFPE)",
                            "system": "https://fhir.bbmri.de/CodeSystem/SampleMaterialType",
                            "version": "1.2.0"
                        }
                    ]
                }
            ],
            "context": {
                "code": "OncoSpecimen",
                "display": "OncoSpecimen",
                "system": "bzkf.dktk.oncology"
            },
            "display": "Tissue FFPE",
            "id": "e995dc07-3297-9836-69f8-6818c5a11924",
            "leaf": false,
            "selectable": true,
            "termCodes": [
                {
                    "code": "tissue-ffpe",
                    "display": "Tissue FFPE",
                    "system": "https://fhir.bbmri.de/CodeSystem/SampleMaterialType",
                    "version": "1.2.0"
                }
            ]
        },
        {
            "children": [
                {
                    "context": {
                        "code": "OncoSpecimen",
                        "display": "OncoSpecimen",
                        "system": "bzkf.dktk.oncology"
                    },
                    "display": "Normal tissue (frozen)",
                    "id": "dd36754c-8c6c-0158-5c5e-39f53ad61e97",
                    "leaf": true,
                    "selectable": true,
                    "termCodes": [
                        {
                            "code": "normal-tissue-frozen",
                            "display": "Normal tissue (frozen)",
                            "system": "https://fhir.bbmri.de/CodeSystem/SampleMaterialType",
                            "version": "1.2.0"
                        }
                    ]
                },
                {
                    "context": {
                        "code": "OncoSpecimen",
                        "display": "OncoSpecimen",
                        "system": "bzkf.dktk.oncology"
                    },
                    "display": "Other tissue (frozen)",
                    "id": "3db8f403-f564-8300-7056-4075dea04d39",
                    "leaf": true,
                    "selectable": true,
                    "termCodes": [
                        {
                            "code": "other-tissue-frozen",
                            "display": "Other tissue (frozen)",
                            "system": "https://fhir.bbmri.de/CodeSystem/SampleMaterialType",
                            "version": "1.2.0"
                        }
                    ]
                },
                {
                    "context": {
                        "code": "OncoSpecimen",
                        "display": "OncoSpecimen",
                        "system": "bzkf.dktk.oncology"
                    },
                    "display": "Tumor tissue (frozen)",
                    "id": "8e765cc9-f4fb-2084-69c4-9db959ee0ca9",
                    "leaf": true,
                    "selectable": true,
                    "termCodes": [
                        {
                            "code": "tumor-tissue-frozen",
                            "display": "Tumor tissue (frozen)",
                            "system": "https://fhir.bbmri.de/CodeSystem/SampleMaterialType",
                            "version": "1.2.0"
                        }
                    ]
                }
            ],
            "context": {
                "code": "OncoSpecimen",
                "display": "OncoSpecimen",
                "system": "bzkf.dktk.oncology"
            },
            "display": "Tissue frozen",
            "id": "927d0042-6496-b543-5acf-80bfc726e064",
            "leaf": false,
            "selectable": true,
            "termCodes": [
                {
                    "code": "tissue-frozen",
                    "display": "Tissue frozen",
                    "system": "https://fhir.bbmri.de/CodeSystem/SampleMaterialType",
                    "version": "1.2.0"
                }
            ]
        },
        {
            "context": {
                "code": "OncoSpecimen",
                "display": "OncoSpecimen",
                "system": "bzkf.dktk.oncology"
            },
            "display": "Urine",
            "id": "a9e34092-69b6-f287-f311-0f27fb66254d",
            "leaf": true,
            "selectable": true,
            "termCodes": [
                {
                    "code": "urine",
                    "display": "Urine",
                    "system": "https://fhir.bbmri.de/CodeSystem/SampleMaterialType",
                    "version": "1.2.0"
                }
            ]
        },
        {
            "context": {
                "code": "OncoSpecimen",
                "display": "OncoSpecimen",
                "system": "bzkf.dktk.oncology"
            },
            "display": "Whole blood",
            "id": "e90de487-69a1-35a6-64ee-e8ca0fdeeefc",
            "leaf": true,
            "selectable": true,
            "termCodes": [
                {
                    "code": "whole-blood",
                    "display": "Whole blood",
                    "system": "https://fhir.bbmri.de/CodeSystem/SampleMaterialType",
                    "version": "1.2.0"
                }
            ]
        }
    ],
    "context": {
        "code": "Bioprobe",
        "display": "Bioprobe",
        "system": "bzkf.dktk.oncology"
    },
    "display": "Bioprobe",
    "id": "72931870-f4d6-c6c4-7b8c-62707e6fdf54",
    "leaf": false,
    "selectable": false,
    "termCodes": [
        {
            "code": "Bioprobe",
            "display": "Bioprobe",
            "system": "bzkf.dktk.oncology"
        }
    ]
}