{
    "children": [
        {
            "context": {
                "code": "PatientAge",
                "display": "Patient Age",
                "system": "bzkf.dktk.oncology"
            },
            "display": "Gegenw\u00e4rtiges chronologisches Alter",
            "id": "f97c5463-5f06-a32a-f3a7-2d378dde2ac7",
            "leaf": true,
            "selectable": true,
            "termCodes": [
                {
                    "code": "424144002",
                    "display": "Gegenw\u00e4rtiges chronologisches Alter",
                    "system": "http://snomed.info/sct"
                }
            ]
        },
        {
            "context": {
                "code": "PatientGender",
                "display": "Patient Gender",
                "system": "bzkf.dktk.oncology"
            },
            "display": "Geschlecht",
            "id": "4cd09b6c-3489-f2f5-d702-875451a86b20",
            "leaf": true,
            "selectable": true,
            "termCodes": [
                {
                    "code": "263495000",
                    "display": "Geschlecht",
                    "system": "http://snomed.info/sct"
                }
            ]
        }
    ],
    "context": {
        "code": "Person",
        "display": "Person",
        "system": "bzkf.dktk.oncology"
    },
    "display": "Person",
    "id": "21ceb205-304b-af72-79d4-821848dc9baf",
    "leaf": false,
    "selectable": false,
    "termCodes": [
        {
            "code": "Person",
            "display": "Person",
            "system": "bzkf.dktk.oncology"
        }
    ]
}