{
    "children": [
        {
            "children": [
                {
                    "context": {
                        "code": "Operation",
                        "display": "Operation",
                        "system": "dktk.oncology"
                    },
                    "display": "Active Surveillance",
                    "id": "c34f40aa-6b1a-5566-aa3b-e7b3c685bc18",
                    "leaf": true,
                    "selectable": true,
                    "termCodes": [
                        {
                            "code": "AS",
                            "display": "Active Surveillance",
                            "system": "http://dktk.dkfz.de/fhir/onco/core/CodeSystem/SYSTTherapieartCS",
                            "version": "0.9.0"
                        }
                    ]
                },
                {
                    "context": {
                        "code": "Operation",
                        "display": "Operation",
                        "system": "dktk.oncology"
                    },
                    "display": "Chemotherapie",
                    "id": "4c804518-45b3-4693-a58e-0d7d304b05e5",
                    "leaf": true,
                    "selectable": true,
                    "termCodes": [
                        {
                            "code": "CH",
                            "display": "Chemotherapie",
                            "system": "http://dktk.dkfz.de/fhir/onco/core/CodeSystem/SYSTTherapieartCS",
                            "version": "0.9.0"
                        }
                    ]
                },
                {
                    "context": {
                        "code": "Operation",
                        "display": "Operation",
                        "system": "dktk.oncology"
                    },
                    "display": "Hormontherapie",
                    "id": "9713fd94-ae39-19cc-a20f-23c196a48d8b",
                    "leaf": true,
                    "selectable": true,
                    "termCodes": [
                        {
                            "code": "HO",
                            "display": "Hormontherapie",
                            "system": "http://dktk.dkfz.de/fhir/onco/core/CodeSystem/SYSTTherapieartCS",
                            "version": "0.9.0"
                        }
                    ]
                },
                {
                    "context": {
                        "code": "Operation",
                        "display": "Operation",
                        "system": "dktk.oncology"
                    },
                    "display": "Immun- und Antik\u00f6rpertherapie",
                    "id": "9565124a-e763-048b-eb17-05114a86faf9",
                    "leaf": true,
                    "selectable": true,
                    "termCodes": [
                        {
                            "code": "IM",
                            "display": "Immun- und Antik\u00f6rpertherapie",
                            "system": "http://dktk.dkfz.de/fhir/onco/core/CodeSystem/SYSTTherapieartCS",
                            "version": "0.9.0"
                        }
                    ]
                },
                {
                    "context": {
                        "code": "Operation",
                        "display": "Operation",
                        "system": "dktk.oncology"
                    },
                    "display": "Knochenmarkstransplantation",
                    "id": "a8f3be0a-500f-d2a1-be4a-3da4c3de2b13",
                    "leaf": true,
                    "selectable": true,
                    "termCodes": [
                        {
                            "code": "KM",
                            "display": "Knochenmarkstransplantation",
                            "system": "http://dktk.dkfz.de/fhir/onco/core/CodeSystem/SYSTTherapieartCS",
                            "version": "0.9.0"
                        }
                    ]
                },
                {
                    "context": {
                        "code": "Operation",
                        "display": "Operation",
                        "system": "dktk.oncology"
                    },
                    "display": "Operation",
                    "id": "ef6ff8d4-624b-2107-f669-ca8997778480",
                    "leaf": true,
                    "selectable": true,
                    "termCodes": [
                        {
                            "code": "OP",
                            "display": "Operation",
                            "system": "http://dktk.dkfz.de/fhir/onco/core/CodeSystem/SYSTTherapieartCS",
                            "version": "0.9.0"
                        }
                    ]
                },
                {
                    "context": {
                        "code": "Operation",
                        "display": "Operation",
                        "system": "dktk.oncology"
                    },
                    "display": "Sonstiges",
                    "id": "98017d4b-3f10-24a5-7c79-449b1f679159",
                    "leaf": true,
                    "selectable": true,
                    "termCodes": [
                        {
                            "code": "SO",
                            "display": "Sonstiges",
                            "system": "http://dktk.dkfz.de/fhir/onco/core/CodeSystem/SYSTTherapieartCS",
                            "version": "0.9.0"
                        }
                    ]
                },
                {
                    "context": {
                        "code": "Operation",
                        "display": "Operation",
                        "system": "dktk.oncology"
                    },
                    "display": "Strahlentherapie",
                    "id": "442e529e-01fb-186f-a546-99126b3fc038",
                    "leaf": true,
                    "selectable": true,
                    "termCodes": [
                        {
                            "code": "ST",
                            "display": "Strahlentherapie",
                            "system": "http://dktk.dkfz.de/fhir/onco/core/CodeSystem/SYSTTherapieartCS",
                            "version": "0.9.0"
                        }
                    ]
                },
                {
                    "context": {
                        "code": "Operation",
                        "display": "Operation",
                        "system": "dktk.oncology"
                    },
                    "display": "Wait and see",
                    "id": "7e697e90-1937-0ebd-ea75-94f585b74c62",
                    "leaf": true,
                    "selectable": true,
                    "termCodes": [
                        {
                            "code": "WS",
                            "display": "Wait and see",
                            "system": "http://dktk.dkfz.de/fhir/onco/core/CodeSystem/SYSTTherapieartCS",
                            "version": "0.9.0"
                        }
                    ]
                },
                {
                    "context": {
                        "code": "Operation",
                        "display": "Operation",
                        "system": "dktk.oncology"
                    },
                    "display": "Zielgerichtete Substanzen",
                    "id": "5a1d370f-e8d1-a0ef-e8d6-384a3be10462",
                    "leaf": true,
                    "selectable": true,
                    "termCodes": [
                        {
                            "code": "ZS",
                            "display": "Zielgerichtete Substanzen",
                            "system": "http://dktk.dkfz.de/fhir/onco/core/CodeSystem/SYSTTherapieartCS",
                            "version": "0.9.0"
                        }
                    ]
                }
            ],
            "context": {
                "code": "Operation",
                "display": "Operation",
                "system": "dktk.oncology"
            },
            "display": "Operation",
            "id": "6a83c8bf-b787-c42f-afeb-be0ecc154d6e",
            "leaf": false,
            "selectable": false,
            "termCodes": [
                {
                    "code": "Operation",
                    "display": "Operation",
                    "system": "fdpg.mii.cds"
                }
            ]
        },
        {
            "children": [
                {
                    "context": {
                        "code": "Strahlentherapie",
                        "display": "Strahlentherapie",
                        "system": "dktk.oncology"
                    },
                    "display": "Chiropractic manipulation",
                    "id": "cc615d21-c519-4476-e093-7b4d43e0b82e",
                    "leaf": true,
                    "selectable": true,
                    "termCodes": [
                        {
                            "code": "46947000",
                            "display": "Chiropractic manipulation",
                            "system": "http://snomed.info/sct",
                            "version": "http://snomed.info/sct/900000000000207008/version/20220630"
                        }
                    ]
                },
                {
                    "context": {
                        "code": "Strahlentherapie",
                        "display": "Strahlentherapie",
                        "system": "dktk.oncology"
                    },
                    "display": "Counseling",
                    "id": "560d815b-a04b-544b-5a16-5177b9de3d40",
                    "leaf": true,
                    "selectable": true,
                    "termCodes": [
                        {
                            "code": "409063005",
                            "display": "Counseling",
                            "system": "http://snomed.info/sct",
                            "version": "http://snomed.info/sct/900000000000207008/version/20220630"
                        }
                    ]
                },
                {
                    "context": {
                        "code": "Strahlentherapie",
                        "display": "Strahlentherapie",
                        "system": "dktk.oncology"
                    },
                    "display": "Diagnostic procedure",
                    "id": "7cdacc03-fe9d-e250-fb2e-5844553ce4fd",
                    "leaf": true,
                    "selectable": true,
                    "termCodes": [
                        {
                            "code": "103693007",
                            "display": "Diagnostic procedure",
                            "system": "http://snomed.info/sct",
                            "version": "http://snomed.info/sct/900000000000207008/version/20220630"
                        }
                    ]
                },
                {
                    "context": {
                        "code": "Strahlentherapie",
                        "display": "Strahlentherapie",
                        "system": "dktk.oncology"
                    },
                    "display": "Education",
                    "id": "ca015567-4c6a-58de-4a1a-73f71a328e33",
                    "leaf": true,
                    "selectable": true,
                    "termCodes": [
                        {
                            "code": "409073007",
                            "display": "Education",
                            "system": "http://snomed.info/sct",
                            "version": "http://snomed.info/sct/900000000000207008/version/20220630"
                        }
                    ]
                },
                {
                    "context": {
                        "code": "Strahlentherapie",
                        "display": "Strahlentherapie",
                        "system": "dktk.oncology"
                    },
                    "display": "Psychiatry procedure or service",
                    "id": "b35cc5fa-c699-ca82-f9d2-9fc952e17f4b",
                    "leaf": true,
                    "selectable": true,
                    "termCodes": [
                        {
                            "code": "24642003",
                            "display": "Psychiatry procedure or service",
                            "system": "http://snomed.info/sct",
                            "version": "http://snomed.info/sct/900000000000207008/version/20220630"
                        }
                    ]
                },
                {
                    "context": {
                        "code": "Strahlentherapie",
                        "display": "Strahlentherapie",
                        "system": "dktk.oncology"
                    },
                    "display": "Social service procedure",
                    "id": "8c3baf82-206b-0210-af6a-0573dca62a33",
                    "leaf": true,
                    "selectable": true,
                    "termCodes": [
                        {
                            "code": "410606002",
                            "display": "Social service procedure",
                            "system": "http://snomed.info/sct",
                            "version": "http://snomed.info/sct/900000000000207008/version/20220630"
                        }
                    ]
                },
                {
                    "context": {
                        "code": "Strahlentherapie",
                        "display": "Strahlentherapie",
                        "system": "dktk.oncology"
                    },
                    "display": "Surgical procedure",
                    "id": "fc7bf692-07b0-f2f8-d44e-c7f5109d8aed",
                    "leaf": true,
                    "selectable": true,
                    "termCodes": [
                        {
                            "code": "387713003",
                            "display": "Surgical procedure",
                            "system": "http://snomed.info/sct",
                            "version": "http://snomed.info/sct/900000000000207008/version/20220630"
                        }
                    ]
                }
            ],
            "context": {
                "code": "Strahlentherapie",
                "display": "Strahlentherapie",
                "system": "dktk.oncology"
            },
            "display": "SD_DKTK_ONC_Strahlentherapie",
            "id": "47d6f262-1dd2-9939-6e09-3ef15097f106",
            "leaf": false,
            "selectable": false,
            "termCodes": [
                {
                    "code": "SD_DKTK_ONC_Strahlentherapie",
                    "display": "SD_DKTK_ONC_Strahlentherapie",
                    "system": "fdpg.mii.cds"
                }
            ]
        },
        {
            "children": [
                {
                    "context": {
                        "code": "Systemtherapie",
                        "display": "Systemtherapie",
                        "system": "dktk.oncology"
                    },
                    "display": "Active Surveillance",
                    "id": "a8cc5b85-d950-d955-89b5-02508ccf4f64",
                    "leaf": true,
                    "selectable": true,
                    "termCodes": [
                        {
                            "code": "AS",
                            "display": "Active Surveillance",
                            "system": "http://dktk.dkfz.de/fhir/onco/core/CodeSystem/SYSTTherapieartCS",
                            "version": "0.9.0"
                        }
                    ]
                },
                {
                    "context": {
                        "code": "Systemtherapie",
                        "display": "Systemtherapie",
                        "system": "dktk.oncology"
                    },
                    "display": "Chemotherapie",
                    "id": "48874daf-a2ef-e616-7128-88d5e8d0c799",
                    "leaf": true,
                    "selectable": true,
                    "termCodes": [
                        {
                            "code": "CH",
                            "display": "Chemotherapie",
                            "system": "http://dktk.dkfz.de/fhir/onco/core/CodeSystem/SYSTTherapieartCS",
                            "version": "0.9.0"
                        }
                    ]
                },
                {
                    "context": {
                        "code": "Systemtherapie",
                        "display": "Systemtherapie",
                        "system": "dktk.oncology"
                    },
                    "display": "Hormontherapie",
                    "id": "976aeca6-87d1-8e3f-6998-4a94b43dba6d",
                    "leaf": true,
                    "selectable": true,
                    "termCodes": [
                        {
                            "code": "HO",
                            "display": "Hormontherapie",
                            "system": "http://dktk.dkfz.de/fhir/onco/core/CodeSystem/SYSTTherapieartCS",
                            "version": "0.9.0"
                        }
                    ]
                },
                {
                    "context": {
                        "code": "Systemtherapie",
                        "display": "Systemtherapie",
                        "system": "dktk.oncology"
                    },
                    "display": "Immun- und Antik\u00f6rpertherapie",
                    "id": "27c14990-62e6-122f-c8a6-f3da2619d3aa",
                    "leaf": true,
                    "selectable": true,
                    "termCodes": [
                        {
                            "code": "IM",
                            "display": "Immun- und Antik\u00f6rpertherapie",
                            "system": "http://dktk.dkfz.de/fhir/onco/core/CodeSystem/SYSTTherapieartCS",
                            "version": "0.9.0"
                        }
                    ]
                },
                {
                    "context": {
                        "code": "Systemtherapie",
                        "display": "Systemtherapie",
                        "system": "dktk.oncology"
                    },
                    "display": "Knochenmarkstransplantation",
                    "id": "0c98105f-ca29-a04a-5ab5-0f5be72fe803",
                    "leaf": true,
                    "selectable": true,
                    "termCodes": [
                        {
                            "code": "KM",
                            "display": "Knochenmarkstransplantation",
                            "system": "http://dktk.dkfz.de/fhir/onco/core/CodeSystem/SYSTTherapieartCS",
                            "version": "0.9.0"
                        }
                    ]
                },
                {
                    "context": {
                        "code": "Systemtherapie",
                        "display": "Systemtherapie",
                        "system": "dktk.oncology"
                    },
                    "display": "Operation",
                    "id": "741e2871-ade2-6a4e-e050-a4ddc7b7962e",
                    "leaf": true,
                    "selectable": true,
                    "termCodes": [
                        {
                            "code": "OP",
                            "display": "Operation",
                            "system": "http://dktk.dkfz.de/fhir/onco/core/CodeSystem/SYSTTherapieartCS",
                            "version": "0.9.0"
                        }
                    ]
                },
                {
                    "context": {
                        "code": "Systemtherapie",
                        "display": "Systemtherapie",
                        "system": "dktk.oncology"
                    },
                    "display": "Sonstiges",
                    "id": "669315bb-2725-a65f-f7c5-a09a97094062",
                    "leaf": true,
                    "selectable": true,
                    "termCodes": [
                        {
                            "code": "SO",
                            "display": "Sonstiges",
                            "system": "http://dktk.dkfz.de/fhir/onco/core/CodeSystem/SYSTTherapieartCS",
                            "version": "0.9.0"
                        }
                    ]
                },
                {
                    "context": {
                        "code": "Systemtherapie",
                        "display": "Systemtherapie",
                        "system": "dktk.oncology"
                    },
                    "display": "Strahlentherapie",
                    "id": "ae83f91c-1ea5-32bb-783c-063fc80cabd0",
                    "leaf": true,
                    "selectable": true,
                    "termCodes": [
                        {
                            "code": "ST",
                            "display": "Strahlentherapie",
                            "system": "http://dktk.dkfz.de/fhir/onco/core/CodeSystem/SYSTTherapieartCS",
                            "version": "0.9.0"
                        }
                    ]
                },
                {
                    "context": {
                        "code": "Systemtherapie",
                        "display": "Systemtherapie",
                        "system": "dktk.oncology"
                    },
                    "display": "Wait and see",
                    "id": "f3a858eb-12db-1ba0-3817-30861d82bdef",
                    "leaf": true,
                    "selectable": true,
                    "termCodes": [
                        {
                            "code": "WS",
                            "display": "Wait and see",
                            "system": "http://dktk.dkfz.de/fhir/onco/core/CodeSystem/SYSTTherapieartCS",
                            "version": "0.9.0"
                        }
                    ]
                },
                {
                    "context": {
                        "code": "Systemtherapie",
                        "display": "Systemtherapie",
                        "system": "dktk.oncology"
                    },
                    "display": "Zielgerichtete Substanzen",
                    "id": "d48b7c4d-8e2c-9128-3876-5cd288f61b90",
                    "leaf": true,
                    "selectable": true,
                    "termCodes": [
                        {
                            "code": "ZS",
                            "display": "Zielgerichtete Substanzen",
                            "system": "http://dktk.dkfz.de/fhir/onco/core/CodeSystem/SYSTTherapieartCS",
                            "version": "0.9.0"
                        }
                    ]
                }
            ],
            "context": {
                "code": "Systemtherapie",
                "display": "Systemtherapie",
                "system": "dktk.oncology"
            },
            "display": "SD_DKTK_ONC_Systemtherapie",
            "id": "7633fff3-a302-23f2-3f84-fb0bd4874482",
            "leaf": false,
            "selectable": false,
            "termCodes": [
                {
                    "code": "SD_DKTK_ONC_Systemtherapie",
                    "display": "SD_DKTK_ONC_Systemtherapie",
                    "system": "fdpg.mii.cds"
                }
            ]
        }
    ],
    "context": {
        "code": "Therapie",
        "display": "Therapie",
        "system": "dktk.oncology"
    },
    "display": "Therapie",
    "id": "39ad882a-cc10-4875-7ec2-217a1e3a41fe",
    "leaf": false,
    "selectable": false,
    "termCodes": [
        {
            "code": "Therapie",
            "display": "Therapie",
            "system": "dktk.oncology"
        }
    ]
}