{
    "children": [
        {
            "children": [
                {
                    "context": {
                        "code": "LokalerTumorstatus",
                        "display": "Lokaler Tumorstatus",
                        "system": "bzkf.dktk.oncology"
                    },
                    "display": "Local",
                    "id": "480690ad-671e-c74e-62cd-5e5d29821e23",
                    "leaf": true,
                    "selectable": true,
                    "termCodes": [
                        {
                            "code": "LA4583-6",
                            "display": "Local",
                            "system": "http://loinc.org"
                        }
                    ]
                }
            ],
            "context": {
                "code": "LokalerTumorstatus",
                "display": "Lokaler Tumorstatus",
                "system": "bzkf.dktk.oncology"
            },
            "display": "Lokaler Tumorstatus",
            "id": "2b2a4160-9d10-9e04-df28-7a9972234004",
            "leaf": false,
            "selectable": false,
            "termCodes": [
                {
                    "code": "Lokaler Tumorstatus",
                    "display": "Lokaler Tumorstatus",
                    "system": "fdpg.mii.cds"
                }
            ]
        },
        {
            "children": [
                {
                    "context": {
                        "code": "Vitalstatus",
                        "display": "Vitalstatus",
                        "system": "bzkf.dktk.oncology"
                    },
                    "display": "Vital status [CDC.CS]",
                    "id": "e634e9c7-b55d-2a0b-dd0a-a23d74723d56",
                    "leaf": true,
                    "selectable": true,
                    "termCodes": [
                        {
                            "code": "75186-7",
                            "display": "Vital status [CDC.CS]",
                            "system": "http://loinc.org"
                        }
                    ]
                }
            ],
            "context": {
                "code": "Vitalstatus",
                "display": "Vitalstatus",
                "system": "bzkf.dktk.oncology"
            },
            "display": "Vitalstatus",
            "id": "00517473-9714-aaa2-fe59-435bf890a3b4",
            "leaf": false,
            "selectable": false,
            "termCodes": [
                {
                    "code": "Vitalstatus",
                    "display": "Vitalstatus",
                    "system": "fdpg.mii.cds"
                }
            ]
        },
        {
            "children": [
                {
                    "context": {
                        "code": "TumorstatusLymphknoten",
                        "display": "Tumorstatus Lymphknoten",
                        "system": "bzkf.dktk.oncology"
                    },
                    "display": "Regional Lymph Nodes",
                    "id": "dfff2cfb-18c6-3a4d-b466-af8779a99b03",
                    "leaf": true,
                    "selectable": true,
                    "termCodes": [
                        {
                            "code": "LA4370-8",
                            "display": "Regional Lymph Nodes",
                            "system": "http://loinc.org"
                        }
                    ]
                }
            ],
            "context": {
                "code": "TumorstatusLymphknoten",
                "display": "Tumorstatus Lymphknoten",
                "system": "bzkf.dktk.oncology"
            },
            "display": "Tumorstatus Lymphknoten",
            "id": "fe224079-2ab3-1e3b-0c3b-0ab8cf63c490",
            "leaf": false,
            "selectable": false,
            "termCodes": [
                {
                    "code": "Tumorstatus Lymphknoten",
                    "display": "Tumorstatus Lymphknoten",
                    "system": "fdpg.mii.cds"
                }
            ]
        },
        {
            "children": [
                {
                    "context": {
                        "code": "GesamtbeurteilungTumorstatus",
                        "display": "Gesamtbeurteilung Tumorstatus",
                        "system": "bzkf.dktk.oncology"
                    },
                    "display": "Cancer outcome status",
                    "id": "2a3d9274-1c54-3ac7-936f-727dad559d0b",
                    "leaf": true,
                    "selectable": true,
                    "termCodes": [
                        {
                            "code": "21976-6",
                            "display": "Cancer outcome status",
                            "system": "http://loinc.org"
                        }
                    ]
                }
            ],
            "context": {
                "code": "GesamtbeurteilungTumorstatus",
                "display": "Gesamtbeurteilung Tumorstatus",
                "system": "bzkf.dktk.oncology"
            },
            "display": "Gesamtbeurteilung Tumorstatus",
            "id": "7319f157-a611-f19e-0047-2da0af67dcb9",
            "leaf": false,
            "selectable": false,
            "termCodes": [
                {
                    "code": "Gesamtbeurteilung Tumorstatus",
                    "display": "Gesamtbeurteilung Tumorstatus",
                    "system": "fdpg.mii.cds"
                }
            ]
        },
        {
            "children": [
                {
                    "context": {
                        "code": "GenetischeVariante",
                        "display": "Genetische Variante",
                        "system": "bzkf.dktk.oncology"
                    },
                    "display": "Genetic variant assessment",
                    "id": "bdc8d73b-52f5-8d83-d7bd-3929ef8b461e",
                    "leaf": true,
                    "selectable": true,
                    "termCodes": [
                        {
                            "code": "69548-6",
                            "display": "Genetic variant assessment",
                            "system": "http://loinc.org"
                        }
                    ]
                }
            ],
            "context": {
                "code": "GenetischeVariante",
                "display": "Genetische Variante",
                "system": "bzkf.dktk.oncology"
            },
            "display": "Genetische Variante",
            "id": "0891679c-805e-3e3e-41d4-8c225e128174",
            "leaf": false,
            "selectable": false,
            "termCodes": [
                {
                    "code": "Genetische Variante",
                    "display": "Genetische Variante",
                    "system": "fdpg.mii.cds"
                }
            ]
        },
        {
            "children": [
                {
                    "context": {
                        "code": "TumorstatusFernmetastasen",
                        "display": "Tumorstatus Fernmetastasen",
                        "system": "bzkf.dktk.oncology"
                    },
                    "display": "Any combination of recurrence following an in situ lesion of",
                    "id": "0e971aae-235d-2d3b-9e74-e5328adbdcfe",
                    "leaf": true,
                    "selectable": true,
                    "termCodes": [
                        {
                            "code": "LA4226-2",
                            "display": "Any combination of recurrence following an in situ lesion of",
                            "system": "http://loinc.org"
                        }
                    ]
                }
            ],
            "context": {
                "code": "TumorstatusFernmetastasen",
                "display": "Tumorstatus Fernmetastasen",
                "system": "bzkf.dktk.oncology"
            },
            "display": "Tumorstatus Fernmetastasen",
            "id": "e3ee7545-e145-a765-8b09-26a8a4887955",
            "leaf": false,
            "selectable": false,
            "termCodes": [
                {
                    "code": "Tumorstatus Fernmetastasen",
                    "display": "Tumorstatus Fernmetastasen",
                    "system": "fdpg.mii.cds"
                }
            ]
        }
    ],
    "context": {
        "code": "Verlauf",
        "display": "Verlauf",
        "system": "bzkf.dktk.oncology"
    },
    "display": "Verlauf",
    "id": "4beefd31-1419-a5e6-015b-8b013cb4eafa",
    "leaf": false,
    "selectable": false,
    "termCodes": [
        {
            "code": "Verlauf",
            "display": "Verlauf",
            "system": "bzkf.dktk.oncology"
        }
    ]
}