{
    "children": [
        {
            "children": [
                {
                    "context": {
                        "code": "BILDGEBUNG",
                        "display": "Bildgebung",
                        "system": "mii.bg"
                    },
                    "termCode": {
                        "code": "AR",
                        "display": "Autorefraction",
                        "system": "http://dicom.nema.org/resources/ontology/DCM",
                        "version": "01"
                    }
                },
                {
                    "context": {
                        "code": "BILDGEBUNG",
                        "display": "Bildgebung",
                        "system": "mii.bg"
                    },
                    "termCode": {
                        "code": "BI",
                        "display": "Biomagnetic imaging",
                        "system": "http://dicom.nema.org/resources/ontology/DCM",
                        "version": "01"
                    }
                },
                {
                    "context": {
                        "code": "BILDGEBUNG",
                        "display": "Bildgebung",
                        "system": "mii.bg"
                    },
                    "termCode": {
                        "code": "BMD",
                        "display": "Bone Mineral Densitometry",
                        "system": "http://dicom.nema.org/resources/ontology/DCM",
                        "version": "01"
                    }
                },
                {
                    "context": {
                        "code": "BILDGEBUNG",
                        "display": "Bildgebung",
                        "system": "mii.bg"
                    },
                    "termCode": {
                        "code": "EPS",
                        "display": "Cardiac Electrophysiology",
                        "system": "http://dicom.nema.org/resources/ontology/DCM",
                        "version": "01"
                    }
                },
                {
                    "context": {
                        "code": "BILDGEBUNG",
                        "display": "Bildgebung",
                        "system": "mii.bg"
                    },
                    "termCode": {
                        "code": "CR",
                        "display": "Computed Radiography",
                        "system": "http://dicom.nema.org/resources/ontology/DCM",
                        "version": "01"
                    }
                },
                {
                    "context": {
                        "code": "BILDGEBUNG",
                        "display": "Bildgebung",
                        "system": "mii.bg"
                    },
                    "termCode": {
                        "code": "CT",
                        "display": "Computed Tomography",
                        "system": "http://dicom.nema.org/resources/ontology/DCM",
                        "version": "01"
                    }
                },
                {
                    "context": {
                        "code": "BILDGEBUNG",
                        "display": "Bildgebung",
                        "system": "mii.bg"
                    },
                    "termCode": {
                        "code": "DG",
                        "display": "Diaphanography",
                        "system": "http://dicom.nema.org/resources/ontology/DCM",
                        "version": "01"
                    }
                },
                {
                    "context": {
                        "code": "BILDGEBUNG",
                        "display": "Bildgebung",
                        "system": "mii.bg"
                    },
                    "termCode": {
                        "code": "DX",
                        "display": "Digital Radiography",
                        "system": "http://dicom.nema.org/resources/ontology/DCM",
                        "version": "01"
                    }
                },
                {
                    "context": {
                        "code": "BILDGEBUNG",
                        "display": "Bildgebung",
                        "system": "mii.bg"
                    },
                    "termCode": {
                        "code": "ECG",
                        "display": "Electrocardiography",
                        "system": "http://dicom.nema.org/resources/ontology/DCM",
                        "version": "01"
                    }
                },
                {
                    "context": {
                        "code": "BILDGEBUNG",
                        "display": "Bildgebung",
                        "system": "mii.bg"
                    },
                    "termCode": {
                        "code": "ES",
                        "display": "Endoscopy",
                        "system": "http://dicom.nema.org/resources/ontology/DCM",
                        "version": "01"
                    }
                },
                {
                    "context": {
                        "code": "BILDGEBUNG",
                        "display": "Bildgebung",
                        "system": "mii.bg"
                    },
                    "termCode": {
                        "code": "XC",
                        "display": "External-camera Photography",
                        "system": "http://dicom.nema.org/resources/ontology/DCM",
                        "version": "01"
                    }
                },
                {
                    "context": {
                        "code": "BILDGEBUNG",
                        "display": "Bildgebung",
                        "system": "mii.bg"
                    },
                    "termCode": {
                        "code": "GM",
                        "display": "General Microscopy",
                        "system": "http://dicom.nema.org/resources/ontology/DCM",
                        "version": "01"
                    }
                },
                {
                    "context": {
                        "code": "BILDGEBUNG",
                        "display": "Bildgebung",
                        "system": "mii.bg"
                    },
                    "termCode": {
                        "code": "HD",
                        "display": "Hemodynamic Waveform",
                        "system": "http://dicom.nema.org/resources/ontology/DCM",
                        "version": "01"
                    }
                },
                {
                    "context": {
                        "code": "BILDGEBUNG",
                        "display": "Bildgebung",
                        "system": "mii.bg"
                    },
                    "termCode": {
                        "code": "IO",
                        "display": "Intra-oral Radiography",
                        "system": "http://dicom.nema.org/resources/ontology/DCM",
                        "version": "01"
                    }
                },
                {
                    "context": {
                        "code": "BILDGEBUNG",
                        "display": "Bildgebung",
                        "system": "mii.bg"
                    },
                    "termCode": {
                        "code": "IVOCT",
                        "display": "Intravascular Optical Coherence Tomography",
                        "system": "http://dicom.nema.org/resources/ontology/DCM",
                        "version": "01"
                    }
                },
                {
                    "context": {
                        "code": "BILDGEBUNG",
                        "display": "Bildgebung",
                        "system": "mii.bg"
                    },
                    "termCode": {
                        "code": "IVUS",
                        "display": "Intravascular Ultrasound",
                        "system": "http://dicom.nema.org/resources/ontology/DCM",
                        "version": "01"
                    }
                },
                {
                    "context": {
                        "code": "BILDGEBUNG",
                        "display": "Bildgebung",
                        "system": "mii.bg"
                    },
                    "termCode": {
                        "code": "KER",
                        "display": "Keratometry",
                        "system": "http://dicom.nema.org/resources/ontology/DCM",
                        "version": "01"
                    }
                },
                {
                    "context": {
                        "code": "BILDGEBUNG",
                        "display": "Bildgebung",
                        "system": "mii.bg"
                    },
                    "termCode": {
                        "code": "LS",
                        "display": "Laser surface scan",
                        "system": "http://dicom.nema.org/resources/ontology/DCM",
                        "version": "01"
                    }
                },
                {
                    "context": {
                        "code": "BILDGEBUNG",
                        "display": "Bildgebung",
                        "system": "mii.bg"
                    },
                    "termCode": {
                        "code": "LEN",
                        "display": "Lensometry",
                        "system": "http://dicom.nema.org/resources/ontology/DCM",
                        "version": "01"
                    }
                },
                {
                    "context": {
                        "code": "BILDGEBUNG",
                        "display": "Bildgebung",
                        "system": "mii.bg"
                    },
                    "termCode": {
                        "code": "MR",
                        "display": "Magnetic Resonance",
                        "system": "http://dicom.nema.org/resources/ontology/DCM",
                        "version": "01"
                    }
                },
                {
                    "context": {
                        "code": "BILDGEBUNG",
                        "display": "Bildgebung",
                        "system": "mii.bg"
                    },
                    "termCode": {
                        "code": "MG",
                        "display": "Mammography",
                        "system": "http://dicom.nema.org/resources/ontology/DCM",
                        "version": "01"
                    }
                },
                {
                    "context": {
                        "code": "BILDGEBUNG",
                        "display": "Bildgebung",
                        "system": "mii.bg"
                    },
                    "termCode": {
                        "code": "NM",
                        "display": "Nuclear Medicine",
                        "system": "http://dicom.nema.org/resources/ontology/DCM",
                        "version": "01"
                    }
                },
                {
                    "context": {
                        "code": "BILDGEBUNG",
                        "display": "Bildgebung",
                        "system": "mii.bg"
                    },
                    "termCode": {
                        "code": "OAM",
                        "display": "Ophthalmic Axial Measurements",
                        "system": "http://dicom.nema.org/resources/ontology/DCM",
                        "version": "01"
                    }
                },
                {
                    "context": {
                        "code": "BILDGEBUNG",
                        "display": "Bildgebung",
                        "system": "mii.bg"
                    },
                    "termCode": {
                        "code": "OPM",
                        "display": "Ophthalmic Mapping",
                        "system": "http://dicom.nema.org/resources/ontology/DCM",
                        "version": "01"
                    }
                },
                {
                    "context": {
                        "code": "BILDGEBUNG",
                        "display": "Bildgebung",
                        "system": "mii.bg"
                    },
                    "termCode": {
                        "code": "OP",
                        "display": "Ophthalmic photography",
                        "system": "http://dicom.nema.org/resources/ontology/DCM",
                        "version": "01"
                    }
                },
                {
                    "context": {
                        "code": "BILDGEBUNG",
                        "display": "Bildgebung",
                        "system": "mii.bg"
                    },
                    "termCode": {
                        "code": "OPT",
                        "display": "Ophthalmic Tomography",
                        "system": "http://dicom.nema.org/resources/ontology/DCM",
                        "version": "01"
                    }
                },
                {
                    "context": {
                        "code": "BILDGEBUNG",
                        "display": "Bildgebung",
                        "system": "mii.bg"
                    },
                    "termCode": {
                        "code": "OPV",
                        "display": "Ophthalmic Visual Field",
                        "system": "http://dicom.nema.org/resources/ontology/DCM",
                        "version": "01"
                    }
                },
                {
                    "context": {
                        "code": "BILDGEBUNG",
                        "display": "Bildgebung",
                        "system": "mii.bg"
                    },
                    "termCode": {
                        "code": "OCT",
                        "display": "Optical Coherence Tomography",
                        "system": "http://dicom.nema.org/resources/ontology/DCM",
                        "version": "01"
                    }
                },
                {
                    "context": {
                        "code": "BILDGEBUNG",
                        "display": "Bildgebung",
                        "system": "mii.bg"
                    },
                    "termCode": {
                        "code": "OSS",
                        "display": "Optical Survace Scanner",
                        "system": "http://dicom.nema.org/resources/ontology/DCM",
                        "version": "01"
                    }
                },
                {
                    "context": {
                        "code": "BILDGEBUNG",
                        "display": "Bildgebung",
                        "system": "mii.bg"
                    },
                    "termCode": {
                        "code": "PX",
                        "display": "Panoramic X-Ray",
                        "system": "http://dicom.nema.org/resources/ontology/DCM",
                        "version": "01"
                    }
                },
                {
                    "context": {
                        "code": "BILDGEBUNG",
                        "display": "Bildgebung",
                        "system": "mii.bg"
                    },
                    "termCode": {
                        "code": "PT",
                        "display": "Positron emission tomography",
                        "system": "http://dicom.nema.org/resources/ontology/DCM",
                        "version": "01"
                    }
                },
                {
                    "context": {
                        "code": "BILDGEBUNG",
                        "display": "Bildgebung",
                        "system": "mii.bg"
                    },
                    "termCode": {
                        "code": "RF",
                        "display": "Radiofluoroscopy",
                        "system": "http://dicom.nema.org/resources/ontology/DCM",
                        "version": "01"
                    }
                },
                {
                    "context": {
                        "code": "BILDGEBUNG",
                        "display": "Bildgebung",
                        "system": "mii.bg"
                    },
                    "termCode": {
                        "code": "RG",
                        "display": "Radiographic imaging",
                        "system": "http://dicom.nema.org/resources/ontology/DCM",
                        "version": "01"
                    }
                },
                {
                    "context": {
                        "code": "BILDGEBUNG",
                        "display": "Bildgebung",
                        "system": "mii.bg"
                    },
                    "termCode": {
                        "code": "RTIMAGE",
                        "display": "Radiotherapy Image",
                        "system": "http://dicom.nema.org/resources/ontology/DCM",
                        "version": "01"
                    }
                },
                {
                    "context": {
                        "code": "BILDGEBUNG",
                        "display": "Bildgebung",
                        "system": "mii.bg"
                    },
                    "termCode": {
                        "code": "SM",
                        "display": "Slide Microscopy",
                        "system": "http://dicom.nema.org/resources/ontology/DCM",
                        "version": "01"
                    }
                },
                {
                    "context": {
                        "code": "BILDGEBUNG",
                        "display": "Bildgebung",
                        "system": "mii.bg"
                    },
                    "termCode": {
                        "code": "SRF",
                        "display": "Subjective Refraction",
                        "system": "http://dicom.nema.org/resources/ontology/DCM",
                        "version": "01"
                    }
                },
                {
                    "context": {
                        "code": "BILDGEBUNG",
                        "display": "Bildgebung",
                        "system": "mii.bg"
                    },
                    "termCode": {
                        "code": "TG",
                        "display": "Thermography",
                        "system": "http://dicom.nema.org/resources/ontology/DCM",
                        "version": "01"
                    }
                },
                {
                    "context": {
                        "code": "BILDGEBUNG",
                        "display": "Bildgebung",
                        "system": "mii.bg"
                    },
                    "termCode": {
                        "code": "US",
                        "display": "Ultrasound",
                        "system": "http://dicom.nema.org/resources/ontology/DCM",
                        "version": "01"
                    }
                },
                {
                    "context": {
                        "code": "BILDGEBUNG",
                        "display": "Bildgebung",
                        "system": "mii.bg"
                    },
                    "termCode": {
                        "code": "BDUS",
                        "display": "Ultrasound Bone Densitometry",
                        "system": "http://dicom.nema.org/resources/ontology/DCM",
                        "version": "01"
                    }
                },
                {
                    "context": {
                        "code": "BILDGEBUNG",
                        "display": "Bildgebung",
                        "system": "mii.bg"
                    },
                    "termCode": {
                        "code": "VA",
                        "display": "Visual Acuity",
                        "system": "http://dicom.nema.org/resources/ontology/DCM",
                        "version": "01"
                    }
                },
                {
                    "context": {
                        "code": "BILDGEBUNG",
                        "display": "Bildgebung",
                        "system": "mii.bg"
                    },
                    "termCode": {
                        "code": "XA",
                        "display": "X-Ray Angiography",
                        "system": "http://dicom.nema.org/resources/ontology/DCM",
                        "version": "01"
                    }
                }
            ],
            "context": {
                "code": "Bildgebung",
                "display": "Bildgebung",
                "system": "mii.bg"
            },
            "termCode": {
                "code": "Bildgebung",
                "display": "Bildgebung",
                "system": "mii.bg"
            }
        }
    ],
    "context": {
        "code": "",
        "display": "",
        "system": ""
    },
    "termCode": {
        "code": "",
        "display": "",
        "system": ""
    }
}