{
    "children": [
        {
            "children": [
                {
                    "context": {
                        "code": "LokalerTumorstatus",
                        "display": "Lokaler Tumorstatus",
                        "system": "bzkf.dktk.oncology"
                    },
                    "display": "Local",
                    "id": "c479fbd3-4dff-282a-74e2-23d733192e0c",
                    "leaf": true,
                    "selectable": true,
                    "termCodes": [
                        {
                            "code": "LA4583-6",
                            "display": "Local",
                            "system": "http://loinc.org"
                        }
                    ]
                }
            ],
            "context": {
                "code": "LokalerTumorstatus",
                "display": "Lokaler Tumorstatus",
                "system": "bzkf.dktk.oncology"
            },
            "display": "Lokaler Tumorstatus",
            "id": "86e73257-68b5-f38d-b958-ba83279b1224",
            "leaf": false,
            "selectable": false,
            "termCodes": [
                {
                    "code": "Lokaler Tumorstatus",
                    "display": "Lokaler Tumorstatus",
                    "system": "fdpg.mii.cds"
                }
            ]
        },
        {
            "children": [
                {
                    "context": {
                        "code": "Vitalstatus",
                        "display": "Vitalstatus",
                        "system": "bzkf.dktk.oncology"
                    },
                    "display": "Vital status [CDC.CS]",
                    "id": "1c806908-8766-bfab-036f-205ac1504829",
                    "leaf": true,
                    "selectable": true,
                    "termCodes": [
                        {
                            "code": "75186-7",
                            "display": "Vital status [CDC.CS]",
                            "system": "http://loinc.org"
                        }
                    ]
                }
            ],
            "context": {
                "code": "Vitalstatus",
                "display": "Vitalstatus",
                "system": "bzkf.dktk.oncology"
            },
            "display": "Vitalstatus",
            "id": "a50e935c-5e98-3581-3883-18c00f5a202c",
            "leaf": false,
            "selectable": false,
            "termCodes": [
                {
                    "code": "Vitalstatus",
                    "display": "Vitalstatus",
                    "system": "fdpg.mii.cds"
                }
            ]
        },
        {
            "children": [
                {
                    "context": {
                        "code": "TumorstatusLymphknoten",
                        "display": "Tumorstatus Lymphknoten",
                        "system": "bzkf.dktk.oncology"
                    },
                    "display": "Regional Lymph Nodes",
                    "id": "b7b61d28-0e42-7677-4d73-1d71dce662d8",
                    "leaf": true,
                    "selectable": true,
                    "termCodes": [
                        {
                            "code": "LA4370-8",
                            "display": "Regional Lymph Nodes",
                            "system": "http://loinc.org"
                        }
                    ]
                }
            ],
            "context": {
                "code": "TumorstatusLymphknoten",
                "display": "Tumorstatus Lymphknoten",
                "system": "bzkf.dktk.oncology"
            },
            "display": "Tumorstatus Lymphknoten",
            "id": "54d49bf3-3f08-392c-5a37-d5dfed38640b",
            "leaf": false,
            "selectable": false,
            "termCodes": [
                {
                    "code": "Tumorstatus Lymphknoten",
                    "display": "Tumorstatus Lymphknoten",
                    "system": "fdpg.mii.cds"
                }
            ]
        },
        {
            "children": [
                {
                    "context": {
                        "code": "GesamtbeurteilungTumorstatus",
                        "display": "Gesamtbeurteilung Tumorstatus",
                        "system": "bzkf.dktk.oncology"
                    },
                    "display": "Cancer outcome status",
                    "id": "305d3d4e-bcd7-52c3-809c-165cd20e54ab",
                    "leaf": true,
                    "selectable": true,
                    "termCodes": [
                        {
                            "code": "21976-6",
                            "display": "Cancer outcome status",
                            "system": "http://loinc.org"
                        }
                    ]
                }
            ],
            "context": {
                "code": "GesamtbeurteilungTumorstatus",
                "display": "Gesamtbeurteilung Tumorstatus",
                "system": "bzkf.dktk.oncology"
            },
            "display": "Gesamtbeurteilung Tumorstatus",
            "id": "91366eb9-bef4-083c-626a-ef53aa231fdb",
            "leaf": false,
            "selectable": false,
            "termCodes": [
                {
                    "code": "Gesamtbeurteilung Tumorstatus",
                    "display": "Gesamtbeurteilung Tumorstatus",
                    "system": "fdpg.mii.cds"
                }
            ]
        },
        {
            "children": [
                {
                    "context": {
                        "code": "GenetischeVariante",
                        "display": "Genetische Variante",
                        "system": "bzkf.dktk.oncology"
                    },
                    "display": "Genetic variant assessment",
                    "id": "e472c0a1-0fe2-afd6-31eb-261fa761e8e6",
                    "leaf": true,
                    "selectable": true,
                    "termCodes": [
                        {
                            "code": "69548-6",
                            "display": "Genetic variant assessment",
                            "system": "http://loinc.org"
                        }
                    ]
                }
            ],
            "context": {
                "code": "GenetischeVariante",
                "display": "Genetische Variante",
                "system": "bzkf.dktk.oncology"
            },
            "display": "Genetische Variante",
            "id": "8303bceb-dce9-d9ce-9526-994da6a9a2bc",
            "leaf": false,
            "selectable": false,
            "termCodes": [
                {
                    "code": "Genetische Variante",
                    "display": "Genetische Variante",
                    "system": "fdpg.mii.cds"
                }
            ]
        },
        {
            "children": [
                {
                    "context": {
                        "code": "TumorstatusFernmetastasen",
                        "display": "Tumorstatus Fernmetastasen",
                        "system": "bzkf.dktk.oncology"
                    },
                    "display": "Any combination of recurrence following an in situ lesion of",
                    "id": "3c028411-7bf4-46f8-d883-3deabf31d9ad",
                    "leaf": true,
                    "selectable": true,
                    "termCodes": [
                        {
                            "code": "LA4226-2",
                            "display": "Any combination of recurrence following an in situ lesion of",
                            "system": "http://loinc.org"
                        }
                    ]
                }
            ],
            "context": {
                "code": "TumorstatusFernmetastasen",
                "display": "Tumorstatus Fernmetastasen",
                "system": "bzkf.dktk.oncology"
            },
            "display": "Tumorstatus Fernmetastasen",
            "id": "3db0cc94-76e3-beec-686d-59041173c2fd",
            "leaf": false,
            "selectable": false,
            "termCodes": [
                {
                    "code": "Tumorstatus Fernmetastasen",
                    "display": "Tumorstatus Fernmetastasen",
                    "system": "fdpg.mii.cds"
                }
            ]
        }
    ],
    "context": {
        "code": "Verlauf",
        "display": "Verlauf",
        "system": "bzkf.dktk.oncology"
    },
    "display": "Verlauf",
    "id": "e5e68194-f47a-62e5-91cd-e3048d83a88a",
    "leaf": false,
    "selectable": false,
    "termCodes": [
        {
            "code": "Verlauf",
            "display": "Verlauf",
            "system": "bzkf.dktk.oncology"
        }
    ]
}