{
    "children": [
        {
            "context": {
                "code": "PatientAge",
                "display": "Patient Age",
                "system": "bzkf.dktk.oncology"
            },
            "display": "Gegenw\u00e4rtiges chronologisches Alter",
            "id": "4974168f-d54e-4542-79bb-31e1d1e19aec",
            "leaf": true,
            "selectable": true,
            "termCodes": [
                {
                    "code": "424144002",
                    "display": "Gegenw\u00e4rtiges chronologisches Alter",
                    "system": "http://snomed.info/sct"
                }
            ]
        },
        {
            "context": {
                "code": "PatientGender",
                "display": "Patient Gender",
                "system": "bzkf.dktk.oncology"
            },
            "display": "Geschlecht",
            "id": "129f4c0f-1a58-c934-59e3-e1f40f6a82cd",
            "leaf": true,
            "selectable": true,
            "termCodes": [
                {
                    "code": "263495000",
                    "display": "Geschlecht",
                    "system": "http://snomed.info/sct"
                }
            ]
        },
        {
            "context": {
                "code": "PatientSurvival",
                "display": "Patient Survival",
                "system": "bzkf.dktk.oncology"
            },
            "display": "Verstorben",
            "id": "929be1a7-7dc3-439a-f0a6-48e5a768b2ca",
            "leaf": true,
            "selectable": true,
            "termCodes": [
                {
                    "code": "419099009",
                    "display": "Verstorben",
                    "system": "http://snomed.info/sct"
                }
            ]
        }
    ],
    "context": {
        "code": "Person",
        "display": "Person",
        "system": "bzkf.dktk.oncology"
    },
    "display": "Person",
    "id": "72711535-6ac6-2017-6ae3-cd26b47b6cd7",
    "leaf": false,
    "selectable": false,
    "termCodes": [
        {
            "code": "Person",
            "display": "Person",
            "system": "bzkf.dktk.oncology"
        }
    ]
}