{
    "children": [
        {
            "context": {
                "code": "OncoSpecimen",
                "display": "OncoSpecimen",
                "system": "bzkf.dktk.oncology"
            },
            "display": "Ascites",
            "id": "82a25b50-0ab0-ac77-61a2-972f2ef6a34c",
            "leaf": true,
            "selectable": true,
            "termCodes": [
                {
                    "code": "ascites",
                    "display": "Ascites",
                    "system": "https://fhir.bbmri.de/CodeSystem/SampleMaterialType",
                    "version": "1.2.0"
                }
            ]
        },
        {
            "context": {
                "code": "OncoSpecimen",
                "display": "OncoSpecimen",
                "system": "bzkf.dktk.oncology"
            },
            "display": "Bone marrow",
            "id": "e78fa804-034b-b654-d556-fa3cb65b7007",
            "leaf": true,
            "selectable": true,
            "termCodes": [
                {
                    "code": "bone-marrow",
                    "display": "Bone marrow",
                    "system": "https://fhir.bbmri.de/CodeSystem/SampleMaterialType",
                    "version": "1.2.0"
                }
            ]
        },
        {
            "context": {
                "code": "OncoSpecimen",
                "display": "OncoSpecimen",
                "system": "bzkf.dktk.oncology"
            },
            "display": "Buffy-Coat",
            "id": "92d8410e-ab83-f8c8-927a-61bd296680aa",
            "leaf": true,
            "selectable": true,
            "termCodes": [
                {
                    "code": "buffy-coat",
                    "display": "Buffy-Coat",
                    "system": "https://fhir.bbmri.de/CodeSystem/SampleMaterialType",
                    "version": "1.2.0"
                }
            ]
        },
        {
            "context": {
                "code": "OncoSpecimen",
                "display": "OncoSpecimen",
                "system": "bzkf.dktk.oncology"
            },
            "display": "CSF/Liquor",
            "id": "46885a5f-6f23-89f0-d6f9-88cd1a801b02",
            "leaf": true,
            "selectable": true,
            "termCodes": [
                {
                    "code": "csf-liquor",
                    "display": "CSF/Liquor",
                    "system": "https://fhir.bbmri.de/CodeSystem/SampleMaterialType",
                    "version": "1.2.0"
                }
            ]
        },
        {
            "children": [
                {
                    "context": {
                        "code": "OncoSpecimen",
                        "display": "OncoSpecimen",
                        "system": "bzkf.dktk.oncology"
                    },
                    "display": "cfDNA",
                    "id": "8a21205d-a802-71d4-e7b6-e72685073e6f",
                    "leaf": true,
                    "selectable": true,
                    "termCodes": [
                        {
                            "code": "cf-dna",
                            "display": "cfDNA",
                            "system": "https://fhir.bbmri.de/CodeSystem/SampleMaterialType",
                            "version": "1.2.0"
                        }
                    ]
                },
                {
                    "context": {
                        "code": "OncoSpecimen",
                        "display": "OncoSpecimen",
                        "system": "bzkf.dktk.oncology"
                    },
                    "display": "gDNA",
                    "id": "3932b84f-2c94-b9eb-6399-5ae2237573b0",
                    "leaf": true,
                    "selectable": true,
                    "termCodes": [
                        {
                            "code": "g-dna",
                            "display": "gDNA",
                            "system": "https://fhir.bbmri.de/CodeSystem/SampleMaterialType",
                            "version": "1.2.0"
                        }
                    ]
                }
            ],
            "context": {
                "code": "OncoSpecimen",
                "display": "OncoSpecimen",
                "system": "bzkf.dktk.oncology"
            },
            "display": "Dna",
            "id": "cda92bd6-4835-3bbc-4c41-16c6e042a297",
            "leaf": false,
            "selectable": true,
            "termCodes": [
                {
                    "code": "dna",
                    "display": "Dna",
                    "system": "https://fhir.bbmri.de/CodeSystem/SampleMaterialType",
                    "version": "1.2.0"
                }
            ]
        },
        {
            "context": {
                "code": "OncoSpecimen",
                "display": "OncoSpecimen",
                "system": "bzkf.dktk.oncology"
            },
            "display": "Dried whole blood",
            "id": "92184c5a-0ccf-9ba2-fd61-036859a4cc0a",
            "leaf": true,
            "selectable": true,
            "termCodes": [
                {
                    "code": "dried-whole-blood",
                    "display": "Dried whole blood",
                    "system": "https://fhir.bbmri.de/CodeSystem/SampleMaterialType",
                    "version": "1.2.0"
                }
            ]
        },
        {
            "context": {
                "code": "OncoSpecimen",
                "display": "OncoSpecimen",
                "system": "bzkf.dktk.oncology"
            },
            "display": "Other derivative",
            "id": "f4b56a39-b0e9-7f7d-b8a3-3374e3118ab4",
            "leaf": true,
            "selectable": true,
            "termCodes": [
                {
                    "code": "derivative-other",
                    "display": "Other derivative",
                    "system": "https://fhir.bbmri.de/CodeSystem/SampleMaterialType",
                    "version": "1.2.0"
                }
            ]
        },
        {
            "context": {
                "code": "OncoSpecimen",
                "display": "OncoSpecimen",
                "system": "bzkf.dktk.oncology"
            },
            "display": "Other liquid biosample/storage",
            "id": "9df0202e-2c95-258a-c3f2-ca87a0e7114c",
            "leaf": true,
            "selectable": true,
            "termCodes": [
                {
                    "code": "liquid-other",
                    "display": "Other liquid biosample/storage",
                    "system": "https://fhir.bbmri.de/CodeSystem/SampleMaterialType",
                    "version": "1.2.0"
                }
            ]
        },
        {
            "context": {
                "code": "OncoSpecimen",
                "display": "OncoSpecimen",
                "system": "bzkf.dktk.oncology"
            },
            "display": "Other tissue storage",
            "id": "6b25864a-b23a-4d59-4a3c-62124abb292d",
            "leaf": true,
            "selectable": true,
            "termCodes": [
                {
                    "code": "tissue-other",
                    "display": "Other tissue storage",
                    "system": "https://fhir.bbmri.de/CodeSystem/SampleMaterialType",
                    "version": "1.2.0"
                }
            ]
        },
        {
            "context": {
                "code": "OncoSpecimen",
                "display": "OncoSpecimen",
                "system": "bzkf.dktk.oncology"
            },
            "display": "Peripheral blood mononuclear cells (PBMCs, viable)",
            "id": "7fc2be5a-55ce-6ca7-7178-3609b8824f87",
            "leaf": true,
            "selectable": true,
            "termCodes": [
                {
                    "code": "peripheral-blood-cells-vital",
                    "display": "Peripheral blood mononuclear cells (PBMCs, viable)",
                    "system": "https://fhir.bbmri.de/CodeSystem/SampleMaterialType",
                    "version": "1.2.0"
                }
            ]
        },
        {
            "children": [
                {
                    "context": {
                        "code": "OncoSpecimen",
                        "display": "OncoSpecimen",
                        "system": "bzkf.dktk.oncology"
                    },
                    "display": "Plasma, cell free",
                    "id": "1317b2f1-ee40-f9cf-383b-3dca66012a7c",
                    "leaf": true,
                    "selectable": true,
                    "termCodes": [
                        {
                            "code": "plasma-cell-free",
                            "display": "Plasma, cell free",
                            "system": "https://fhir.bbmri.de/CodeSystem/SampleMaterialType",
                            "version": "1.2.0"
                        }
                    ]
                },
                {
                    "context": {
                        "code": "OncoSpecimen",
                        "display": "OncoSpecimen",
                        "system": "bzkf.dktk.oncology"
                    },
                    "display": "Plasma, Citrat",
                    "id": "5cfcc382-948f-7efb-3ad0-7b628320b6db",
                    "leaf": true,
                    "selectable": true,
                    "termCodes": [
                        {
                            "code": "plasma-citrat",
                            "display": "Plasma, Citrat",
                            "system": "https://fhir.bbmri.de/CodeSystem/SampleMaterialType",
                            "version": "1.2.0"
                        }
                    ]
                },
                {
                    "context": {
                        "code": "OncoSpecimen",
                        "display": "OncoSpecimen",
                        "system": "bzkf.dktk.oncology"
                    },
                    "display": "Plasma, EDTA",
                    "id": "78bb87f7-748f-20bb-582c-795bbd7d6029",
                    "leaf": true,
                    "selectable": true,
                    "termCodes": [
                        {
                            "code": "plasma-edta",
                            "display": "Plasma, EDTA",
                            "system": "https://fhir.bbmri.de/CodeSystem/SampleMaterialType",
                            "version": "1.2.0"
                        }
                    ]
                },
                {
                    "context": {
                        "code": "OncoSpecimen",
                        "display": "OncoSpecimen",
                        "system": "bzkf.dktk.oncology"
                    },
                    "display": "Plasma, Heparin",
                    "id": "8bee3c8f-3e6b-3e7a-3b50-9f7eec291900",
                    "leaf": true,
                    "selectable": true,
                    "termCodes": [
                        {
                            "code": "plasma-heparin",
                            "display": "Plasma, Heparin",
                            "system": "https://fhir.bbmri.de/CodeSystem/SampleMaterialType",
                            "version": "1.2.0"
                        }
                    ]
                },
                {
                    "context": {
                        "code": "OncoSpecimen",
                        "display": "OncoSpecimen",
                        "system": "bzkf.dktk.oncology"
                    },
                    "display": "Plasma, other",
                    "id": "444c931f-ad5f-32e5-da55-a85a0abd7218",
                    "leaf": true,
                    "selectable": true,
                    "termCodes": [
                        {
                            "code": "plasma-other",
                            "display": "Plasma, other",
                            "system": "https://fhir.bbmri.de/CodeSystem/SampleMaterialType",
                            "version": "1.2.0"
                        }
                    ]
                }
            ],
            "context": {
                "code": "OncoSpecimen",
                "display": "OncoSpecimen",
                "system": "bzkf.dktk.oncology"
            },
            "display": "Plasma",
            "id": "1f196a41-5873-9952-fee6-acfab23a25ec",
            "leaf": false,
            "selectable": true,
            "termCodes": [
                {
                    "code": "blood-plasma",
                    "display": "Plasma",
                    "system": "https://fhir.bbmri.de/CodeSystem/SampleMaterialType",
                    "version": "1.2.0"
                }
            ]
        },
        {
            "context": {
                "code": "OncoSpecimen",
                "display": "OncoSpecimen",
                "system": "bzkf.dktk.oncology"
            },
            "display": "Rna",
            "id": "b71247d2-4baf-2745-59df-7b021aa4e723",
            "leaf": true,
            "selectable": true,
            "termCodes": [
                {
                    "code": "rna",
                    "display": "Rna",
                    "system": "https://fhir.bbmri.de/CodeSystem/SampleMaterialType",
                    "version": "1.2.0"
                }
            ]
        },
        {
            "context": {
                "code": "OncoSpecimen",
                "display": "OncoSpecimen",
                "system": "bzkf.dktk.oncology"
            },
            "display": "Saliva",
            "id": "fbe0a55a-32b2-7fb2-f9d2-5175a8a60ffd",
            "leaf": true,
            "selectable": true,
            "termCodes": [
                {
                    "code": "saliva",
                    "display": "Saliva",
                    "system": "https://fhir.bbmri.de/CodeSystem/SampleMaterialType",
                    "version": "1.2.0"
                }
            ]
        },
        {
            "context": {
                "code": "OncoSpecimen",
                "display": "OncoSpecimen",
                "system": "bzkf.dktk.oncology"
            },
            "display": "Serum",
            "id": "f0670a1d-6807-64eb-bf73-380421cabf2c",
            "leaf": true,
            "selectable": true,
            "termCodes": [
                {
                    "code": "blood-serum",
                    "display": "Serum",
                    "system": "https://fhir.bbmri.de/CodeSystem/SampleMaterialType",
                    "version": "1.2.0"
                }
            ]
        },
        {
            "context": {
                "code": "OncoSpecimen",
                "display": "OncoSpecimen",
                "system": "bzkf.dktk.oncology"
            },
            "display": "Stool/Faeces",
            "id": "71f0f4ac-2449-23a8-f2b2-32153b5bd390",
            "leaf": true,
            "selectable": true,
            "termCodes": [
                {
                    "code": "stool-faeces",
                    "display": "Stool/Faeces",
                    "system": "https://fhir.bbmri.de/CodeSystem/SampleMaterialType",
                    "version": "1.2.0"
                }
            ]
        },
        {
            "context": {
                "code": "OncoSpecimen",
                "display": "OncoSpecimen",
                "system": "bzkf.dktk.oncology"
            },
            "display": "Swab",
            "id": "39f5af7d-65a6-a05e-56f1-c2a648baaf82",
            "leaf": true,
            "selectable": true,
            "termCodes": [
                {
                    "code": "swab",
                    "display": "Swab",
                    "system": "https://fhir.bbmri.de/CodeSystem/SampleMaterialType",
                    "version": "1.2.0"
                }
            ]
        },
        {
            "children": [
                {
                    "context": {
                        "code": "OncoSpecimen",
                        "display": "OncoSpecimen",
                        "system": "bzkf.dktk.oncology"
                    },
                    "display": "Normal tissue (FFPE)",
                    "id": "195326a0-7e5c-af12-039c-d621c6c87660",
                    "leaf": true,
                    "selectable": true,
                    "termCodes": [
                        {
                            "code": "normal-tissue-ffpe",
                            "display": "Normal tissue (FFPE)",
                            "system": "https://fhir.bbmri.de/CodeSystem/SampleMaterialType",
                            "version": "1.2.0"
                        }
                    ]
                },
                {
                    "context": {
                        "code": "OncoSpecimen",
                        "display": "OncoSpecimen",
                        "system": "bzkf.dktk.oncology"
                    },
                    "display": "Other tissue (FFPE)",
                    "id": "f54a6046-8beb-ddd5-a232-f6e1b2835746",
                    "leaf": true,
                    "selectable": true,
                    "termCodes": [
                        {
                            "code": "other-tissue-ffpe",
                            "display": "Other tissue (FFPE)",
                            "system": "https://fhir.bbmri.de/CodeSystem/SampleMaterialType",
                            "version": "1.2.0"
                        }
                    ]
                },
                {
                    "context": {
                        "code": "OncoSpecimen",
                        "display": "OncoSpecimen",
                        "system": "bzkf.dktk.oncology"
                    },
                    "display": "Tumor tissue (FFPE)",
                    "id": "8d195d4f-643d-9d55-62c2-7f199767f297",
                    "leaf": true,
                    "selectable": true,
                    "termCodes": [
                        {
                            "code": "tumor-tissue-ffpe",
                            "display": "Tumor tissue (FFPE)",
                            "system": "https://fhir.bbmri.de/CodeSystem/SampleMaterialType",
                            "version": "1.2.0"
                        }
                    ]
                }
            ],
            "context": {
                "code": "OncoSpecimen",
                "display": "OncoSpecimen",
                "system": "bzkf.dktk.oncology"
            },
            "display": "Tissue FFPE",
            "id": "9fb7db33-b628-4f27-8752-2bb7e8f409cb",
            "leaf": false,
            "selectable": true,
            "termCodes": [
                {
                    "code": "tissue-ffpe",
                    "display": "Tissue FFPE",
                    "system": "https://fhir.bbmri.de/CodeSystem/SampleMaterialType",
                    "version": "1.2.0"
                }
            ]
        },
        {
            "children": [
                {
                    "context": {
                        "code": "OncoSpecimen",
                        "display": "OncoSpecimen",
                        "system": "bzkf.dktk.oncology"
                    },
                    "display": "Normal tissue (frozen)",
                    "id": "71295a1b-61c0-719c-832a-044fc3f38fa3",
                    "leaf": true,
                    "selectable": true,
                    "termCodes": [
                        {
                            "code": "normal-tissue-frozen",
                            "display": "Normal tissue (frozen)",
                            "system": "https://fhir.bbmri.de/CodeSystem/SampleMaterialType",
                            "version": "1.2.0"
                        }
                    ]
                },
                {
                    "context": {
                        "code": "OncoSpecimen",
                        "display": "OncoSpecimen",
                        "system": "bzkf.dktk.oncology"
                    },
                    "display": "Other tissue (frozen)",
                    "id": "d6feda39-8824-f6d6-a745-b7f51697d2e9",
                    "leaf": true,
                    "selectable": true,
                    "termCodes": [
                        {
                            "code": "other-tissue-frozen",
                            "display": "Other tissue (frozen)",
                            "system": "https://fhir.bbmri.de/CodeSystem/SampleMaterialType",
                            "version": "1.2.0"
                        }
                    ]
                },
                {
                    "context": {
                        "code": "OncoSpecimen",
                        "display": "OncoSpecimen",
                        "system": "bzkf.dktk.oncology"
                    },
                    "display": "Tumor tissue (frozen)",
                    "id": "2246cee6-ef7e-87de-147d-66feca1caf98",
                    "leaf": true,
                    "selectable": true,
                    "termCodes": [
                        {
                            "code": "tumor-tissue-frozen",
                            "display": "Tumor tissue (frozen)",
                            "system": "https://fhir.bbmri.de/CodeSystem/SampleMaterialType",
                            "version": "1.2.0"
                        }
                    ]
                }
            ],
            "context": {
                "code": "OncoSpecimen",
                "display": "OncoSpecimen",
                "system": "bzkf.dktk.oncology"
            },
            "display": "Tissue frozen",
            "id": "37931ece-7390-8f7c-4b59-d01c59561618",
            "leaf": false,
            "selectable": true,
            "termCodes": [
                {
                    "code": "tissue-frozen",
                    "display": "Tissue frozen",
                    "system": "https://fhir.bbmri.de/CodeSystem/SampleMaterialType",
                    "version": "1.2.0"
                }
            ]
        },
        {
            "context": {
                "code": "OncoSpecimen",
                "display": "OncoSpecimen",
                "system": "bzkf.dktk.oncology"
            },
            "display": "Urine",
            "id": "6d53872c-a490-941a-9cf4-679cb692f5d4",
            "leaf": true,
            "selectable": true,
            "termCodes": [
                {
                    "code": "urine",
                    "display": "Urine",
                    "system": "https://fhir.bbmri.de/CodeSystem/SampleMaterialType",
                    "version": "1.2.0"
                }
            ]
        },
        {
            "context": {
                "code": "OncoSpecimen",
                "display": "OncoSpecimen",
                "system": "bzkf.dktk.oncology"
            },
            "display": "Whole blood",
            "id": "16679d86-8f78-0804-7fee-b756669df2f2",
            "leaf": true,
            "selectable": true,
            "termCodes": [
                {
                    "code": "whole-blood",
                    "display": "Whole blood",
                    "system": "https://fhir.bbmri.de/CodeSystem/SampleMaterialType",
                    "version": "1.2.0"
                }
            ]
        }
    ],
    "context": {
        "code": "Bioprobe",
        "display": "Bioprobe",
        "system": "bzkf.dktk.oncology"
    },
    "display": "Bioprobe",
    "id": "3b67f15a-728f-4818-e6aa-647fe6f4b0b6",
    "leaf": false,
    "selectable": false,
    "termCodes": [
        {
            "code": "Bioprobe",
            "display": "Bioprobe",
            "system": "bzkf.dktk.oncology"
        }
    ]
}