{
    "children": [
        {
            "context": {
                "code": "OncoSpecimen",
                "display": "OncoSpecimen",
                "system": "bzkf.dktk.oncology"
            },
            "display": "Ascites",
            "id": "196e200e-befa-7fdd-bb5c-239860e06ca4",
            "leaf": true,
            "selectable": true,
            "termCodes": [
                {
                    "code": "ascites",
                    "display": "Ascites",
                    "system": "https://fhir.bbmri.de/CodeSystem/SampleMaterialType",
                    "version": "1.2.0"
                }
            ]
        },
        {
            "context": {
                "code": "OncoSpecimen",
                "display": "OncoSpecimen",
                "system": "bzkf.dktk.oncology"
            },
            "display": "Bone marrow",
            "id": "d3ea0740-34f4-344e-fca2-5e6ee7338c5e",
            "leaf": true,
            "selectable": true,
            "termCodes": [
                {
                    "code": "bone-marrow",
                    "display": "Bone marrow",
                    "system": "https://fhir.bbmri.de/CodeSystem/SampleMaterialType",
                    "version": "1.2.0"
                }
            ]
        },
        {
            "context": {
                "code": "OncoSpecimen",
                "display": "OncoSpecimen",
                "system": "bzkf.dktk.oncology"
            },
            "display": "Buffy-Coat",
            "id": "32d70845-af3a-3118-2fef-bd235aec9037",
            "leaf": true,
            "selectable": true,
            "termCodes": [
                {
                    "code": "buffy-coat",
                    "display": "Buffy-Coat",
                    "system": "https://fhir.bbmri.de/CodeSystem/SampleMaterialType",
                    "version": "1.2.0"
                }
            ]
        },
        {
            "context": {
                "code": "OncoSpecimen",
                "display": "OncoSpecimen",
                "system": "bzkf.dktk.oncology"
            },
            "display": "CSF/Liquor",
            "id": "4c8ebd42-10d6-f42e-3152-1b751966f4c7",
            "leaf": true,
            "selectable": true,
            "termCodes": [
                {
                    "code": "csf-liquor",
                    "display": "CSF/Liquor",
                    "system": "https://fhir.bbmri.de/CodeSystem/SampleMaterialType",
                    "version": "1.2.0"
                }
            ]
        },
        {
            "children": [
                {
                    "context": {
                        "code": "OncoSpecimen",
                        "display": "OncoSpecimen",
                        "system": "bzkf.dktk.oncology"
                    },
                    "display": "cfDNA",
                    "id": "368eb460-6ead-5d31-c68e-8e7f13000fb6",
                    "leaf": true,
                    "selectable": true,
                    "termCodes": [
                        {
                            "code": "cf-dna",
                            "display": "cfDNA",
                            "system": "https://fhir.bbmri.de/CodeSystem/SampleMaterialType",
                            "version": "1.2.0"
                        }
                    ]
                },
                {
                    "context": {
                        "code": "OncoSpecimen",
                        "display": "OncoSpecimen",
                        "system": "bzkf.dktk.oncology"
                    },
                    "display": "gDNA",
                    "id": "4ff15bc6-2274-2d51-3f26-eb19af3b92e5",
                    "leaf": true,
                    "selectable": true,
                    "termCodes": [
                        {
                            "code": "g-dna",
                            "display": "gDNA",
                            "system": "https://fhir.bbmri.de/CodeSystem/SampleMaterialType",
                            "version": "1.2.0"
                        }
                    ]
                }
            ],
            "context": {
                "code": "OncoSpecimen",
                "display": "OncoSpecimen",
                "system": "bzkf.dktk.oncology"
            },
            "display": "Dna",
            "id": "e4351ac1-54dc-ad97-fd8b-3aaf177dbceb",
            "leaf": false,
            "selectable": true,
            "termCodes": [
                {
                    "code": "dna",
                    "display": "Dna",
                    "system": "https://fhir.bbmri.de/CodeSystem/SampleMaterialType",
                    "version": "1.2.0"
                }
            ]
        },
        {
            "context": {
                "code": "OncoSpecimen",
                "display": "OncoSpecimen",
                "system": "bzkf.dktk.oncology"
            },
            "display": "Dried whole blood",
            "id": "961ceb27-fef4-05a7-3c89-78176b813752",
            "leaf": true,
            "selectable": true,
            "termCodes": [
                {
                    "code": "dried-whole-blood",
                    "display": "Dried whole blood",
                    "system": "https://fhir.bbmri.de/CodeSystem/SampleMaterialType",
                    "version": "1.2.0"
                }
            ]
        },
        {
            "context": {
                "code": "OncoSpecimen",
                "display": "OncoSpecimen",
                "system": "bzkf.dktk.oncology"
            },
            "display": "Other derivative",
            "id": "6a0517fc-a327-64b7-bee3-15cfbd4b8e48",
            "leaf": true,
            "selectable": true,
            "termCodes": [
                {
                    "code": "derivative-other",
                    "display": "Other derivative",
                    "system": "https://fhir.bbmri.de/CodeSystem/SampleMaterialType",
                    "version": "1.2.0"
                }
            ]
        },
        {
            "context": {
                "code": "OncoSpecimen",
                "display": "OncoSpecimen",
                "system": "bzkf.dktk.oncology"
            },
            "display": "Other liquid biosample/storage",
            "id": "0049d520-8508-fc87-7b39-569280e2112f",
            "leaf": true,
            "selectable": true,
            "termCodes": [
                {
                    "code": "liquid-other",
                    "display": "Other liquid biosample/storage",
                    "system": "https://fhir.bbmri.de/CodeSystem/SampleMaterialType",
                    "version": "1.2.0"
                }
            ]
        },
        {
            "context": {
                "code": "OncoSpecimen",
                "display": "OncoSpecimen",
                "system": "bzkf.dktk.oncology"
            },
            "display": "Other tissue storage",
            "id": "29809c65-6c7c-5b54-9d34-d73fb5f9f819",
            "leaf": true,
            "selectable": true,
            "termCodes": [
                {
                    "code": "tissue-other",
                    "display": "Other tissue storage",
                    "system": "https://fhir.bbmri.de/CodeSystem/SampleMaterialType",
                    "version": "1.2.0"
                }
            ]
        },
        {
            "context": {
                "code": "OncoSpecimen",
                "display": "OncoSpecimen",
                "system": "bzkf.dktk.oncology"
            },
            "display": "Peripheral blood mononuclear cells (PBMCs, viable)",
            "id": "62d735b7-bfb6-cdcc-6ebd-82cfb115692e",
            "leaf": true,
            "selectable": true,
            "termCodes": [
                {
                    "code": "peripheral-blood-cells-vital",
                    "display": "Peripheral blood mononuclear cells (PBMCs, viable)",
                    "system": "https://fhir.bbmri.de/CodeSystem/SampleMaterialType",
                    "version": "1.2.0"
                }
            ]
        },
        {
            "children": [
                {
                    "context": {
                        "code": "OncoSpecimen",
                        "display": "OncoSpecimen",
                        "system": "bzkf.dktk.oncology"
                    },
                    "display": "Plasma, cell free",
                    "id": "ae571757-37df-c402-63cb-bd9e3a62b748",
                    "leaf": true,
                    "selectable": true,
                    "termCodes": [
                        {
                            "code": "plasma-cell-free",
                            "display": "Plasma, cell free",
                            "system": "https://fhir.bbmri.de/CodeSystem/SampleMaterialType",
                            "version": "1.2.0"
                        }
                    ]
                },
                {
                    "context": {
                        "code": "OncoSpecimen",
                        "display": "OncoSpecimen",
                        "system": "bzkf.dktk.oncology"
                    },
                    "display": "Plasma, Citrat",
                    "id": "b8086407-e0dd-bed5-7885-caed3ed76e5e",
                    "leaf": true,
                    "selectable": true,
                    "termCodes": [
                        {
                            "code": "plasma-citrat",
                            "display": "Plasma, Citrat",
                            "system": "https://fhir.bbmri.de/CodeSystem/SampleMaterialType",
                            "version": "1.2.0"
                        }
                    ]
                },
                {
                    "context": {
                        "code": "OncoSpecimen",
                        "display": "OncoSpecimen",
                        "system": "bzkf.dktk.oncology"
                    },
                    "display": "Plasma, EDTA",
                    "id": "0502f674-dab2-0014-4fee-a6795ec25359",
                    "leaf": true,
                    "selectable": true,
                    "termCodes": [
                        {
                            "code": "plasma-edta",
                            "display": "Plasma, EDTA",
                            "system": "https://fhir.bbmri.de/CodeSystem/SampleMaterialType",
                            "version": "1.2.0"
                        }
                    ]
                },
                {
                    "context": {
                        "code": "OncoSpecimen",
                        "display": "OncoSpecimen",
                        "system": "bzkf.dktk.oncology"
                    },
                    "display": "Plasma, Heparin",
                    "id": "0efd2678-b0bb-da6e-69e4-0bb56b2802a9",
                    "leaf": true,
                    "selectable": true,
                    "termCodes": [
                        {
                            "code": "plasma-heparin",
                            "display": "Plasma, Heparin",
                            "system": "https://fhir.bbmri.de/CodeSystem/SampleMaterialType",
                            "version": "1.2.0"
                        }
                    ]
                },
                {
                    "context": {
                        "code": "OncoSpecimen",
                        "display": "OncoSpecimen",
                        "system": "bzkf.dktk.oncology"
                    },
                    "display": "Plasma, other",
                    "id": "072de8a8-3926-7f5c-7de9-f8d9a0c4e508",
                    "leaf": true,
                    "selectable": true,
                    "termCodes": [
                        {
                            "code": "plasma-other",
                            "display": "Plasma, other",
                            "system": "https://fhir.bbmri.de/CodeSystem/SampleMaterialType",
                            "version": "1.2.0"
                        }
                    ]
                }
            ],
            "context": {
                "code": "OncoSpecimen",
                "display": "OncoSpecimen",
                "system": "bzkf.dktk.oncology"
            },
            "display": "Plasma",
            "id": "ca0e2184-c091-7cb7-ac90-8aaa1b9b6415",
            "leaf": false,
            "selectable": true,
            "termCodes": [
                {
                    "code": "blood-plasma",
                    "display": "Plasma",
                    "system": "https://fhir.bbmri.de/CodeSystem/SampleMaterialType",
                    "version": "1.2.0"
                }
            ]
        },
        {
            "context": {
                "code": "OncoSpecimen",
                "display": "OncoSpecimen",
                "system": "bzkf.dktk.oncology"
            },
            "display": "Rna",
            "id": "5bd7601e-996a-2c05-3e80-c6f5f187c1e7",
            "leaf": true,
            "selectable": true,
            "termCodes": [
                {
                    "code": "rna",
                    "display": "Rna",
                    "system": "https://fhir.bbmri.de/CodeSystem/SampleMaterialType",
                    "version": "1.2.0"
                }
            ]
        },
        {
            "context": {
                "code": "OncoSpecimen",
                "display": "OncoSpecimen",
                "system": "bzkf.dktk.oncology"
            },
            "display": "Saliva",
            "id": "31e62ed3-e1e7-5f60-86cd-637b57f9c3ad",
            "leaf": true,
            "selectable": true,
            "termCodes": [
                {
                    "code": "saliva",
                    "display": "Saliva",
                    "system": "https://fhir.bbmri.de/CodeSystem/SampleMaterialType",
                    "version": "1.2.0"
                }
            ]
        },
        {
            "context": {
                "code": "OncoSpecimen",
                "display": "OncoSpecimen",
                "system": "bzkf.dktk.oncology"
            },
            "display": "Serum",
            "id": "f17090d8-20f8-0eaf-b6b7-725e8c643de5",
            "leaf": true,
            "selectable": true,
            "termCodes": [
                {
                    "code": "blood-serum",
                    "display": "Serum",
                    "system": "https://fhir.bbmri.de/CodeSystem/SampleMaterialType",
                    "version": "1.2.0"
                }
            ]
        },
        {
            "context": {
                "code": "OncoSpecimen",
                "display": "OncoSpecimen",
                "system": "bzkf.dktk.oncology"
            },
            "display": "Stool/Faeces",
            "id": "577800c2-1f34-0a77-9a8a-2bdc913d6fce",
            "leaf": true,
            "selectable": true,
            "termCodes": [
                {
                    "code": "stool-faeces",
                    "display": "Stool/Faeces",
                    "system": "https://fhir.bbmri.de/CodeSystem/SampleMaterialType",
                    "version": "1.2.0"
                }
            ]
        },
        {
            "context": {
                "code": "OncoSpecimen",
                "display": "OncoSpecimen",
                "system": "bzkf.dktk.oncology"
            },
            "display": "Swab",
            "id": "daf1c12e-8df6-5e59-b0f0-1a5fbfca9931",
            "leaf": true,
            "selectable": true,
            "termCodes": [
                {
                    "code": "swab",
                    "display": "Swab",
                    "system": "https://fhir.bbmri.de/CodeSystem/SampleMaterialType",
                    "version": "1.2.0"
                }
            ]
        },
        {
            "children": [
                {
                    "context": {
                        "code": "OncoSpecimen",
                        "display": "OncoSpecimen",
                        "system": "bzkf.dktk.oncology"
                    },
                    "display": "Normal tissue (FFPE)",
                    "id": "79f25e5a-2971-6223-13a0-d60db55c2431",
                    "leaf": true,
                    "selectable": true,
                    "termCodes": [
                        {
                            "code": "normal-tissue-ffpe",
                            "display": "Normal tissue (FFPE)",
                            "system": "https://fhir.bbmri.de/CodeSystem/SampleMaterialType",
                            "version": "1.2.0"
                        }
                    ]
                },
                {
                    "context": {
                        "code": "OncoSpecimen",
                        "display": "OncoSpecimen",
                        "system": "bzkf.dktk.oncology"
                    },
                    "display": "Other tissue (FFPE)",
                    "id": "138afbc9-757f-ddd2-6f3a-879ac7a617cb",
                    "leaf": true,
                    "selectable": true,
                    "termCodes": [
                        {
                            "code": "other-tissue-ffpe",
                            "display": "Other tissue (FFPE)",
                            "system": "https://fhir.bbmri.de/CodeSystem/SampleMaterialType",
                            "version": "1.2.0"
                        }
                    ]
                },
                {
                    "context": {
                        "code": "OncoSpecimen",
                        "display": "OncoSpecimen",
                        "system": "bzkf.dktk.oncology"
                    },
                    "display": "Tumor tissue (FFPE)",
                    "id": "b2293fb8-998f-9061-0699-c2a3c8dbe97e",
                    "leaf": true,
                    "selectable": true,
                    "termCodes": [
                        {
                            "code": "tumor-tissue-ffpe",
                            "display": "Tumor tissue (FFPE)",
                            "system": "https://fhir.bbmri.de/CodeSystem/SampleMaterialType",
                            "version": "1.2.0"
                        }
                    ]
                }
            ],
            "context": {
                "code": "OncoSpecimen",
                "display": "OncoSpecimen",
                "system": "bzkf.dktk.oncology"
            },
            "display": "Tissue FFPE",
            "id": "8b1f91cc-dfe4-343a-2585-dfaaa1a0aa73",
            "leaf": false,
            "selectable": true,
            "termCodes": [
                {
                    "code": "tissue-ffpe",
                    "display": "Tissue FFPE",
                    "system": "https://fhir.bbmri.de/CodeSystem/SampleMaterialType",
                    "version": "1.2.0"
                }
            ]
        },
        {
            "children": [
                {
                    "context": {
                        "code": "OncoSpecimen",
                        "display": "OncoSpecimen",
                        "system": "bzkf.dktk.oncology"
                    },
                    "display": "Normal tissue (frozen)",
                    "id": "cdedce5c-0e51-659a-37a5-1cf21fca1074",
                    "leaf": true,
                    "selectable": true,
                    "termCodes": [
                        {
                            "code": "normal-tissue-frozen",
                            "display": "Normal tissue (frozen)",
                            "system": "https://fhir.bbmri.de/CodeSystem/SampleMaterialType",
                            "version": "1.2.0"
                        }
                    ]
                },
                {
                    "context": {
                        "code": "OncoSpecimen",
                        "display": "OncoSpecimen",
                        "system": "bzkf.dktk.oncology"
                    },
                    "display": "Other tissue (frozen)",
                    "id": "6ffda4f8-405d-95cc-652c-229ff40aa8fe",
                    "leaf": true,
                    "selectable": true,
                    "termCodes": [
                        {
                            "code": "other-tissue-frozen",
                            "display": "Other tissue (frozen)",
                            "system": "https://fhir.bbmri.de/CodeSystem/SampleMaterialType",
                            "version": "1.2.0"
                        }
                    ]
                },
                {
                    "context": {
                        "code": "OncoSpecimen",
                        "display": "OncoSpecimen",
                        "system": "bzkf.dktk.oncology"
                    },
                    "display": "Tumor tissue (frozen)",
                    "id": "15856cee-a333-61b6-00f9-77dbf19e4656",
                    "leaf": true,
                    "selectable": true,
                    "termCodes": [
                        {
                            "code": "tumor-tissue-frozen",
                            "display": "Tumor tissue (frozen)",
                            "system": "https://fhir.bbmri.de/CodeSystem/SampleMaterialType",
                            "version": "1.2.0"
                        }
                    ]
                }
            ],
            "context": {
                "code": "OncoSpecimen",
                "display": "OncoSpecimen",
                "system": "bzkf.dktk.oncology"
            },
            "display": "Tissue frozen",
            "id": "c2dbf322-5546-0809-30f1-f060ca078e31",
            "leaf": false,
            "selectable": true,
            "termCodes": [
                {
                    "code": "tissue-frozen",
                    "display": "Tissue frozen",
                    "system": "https://fhir.bbmri.de/CodeSystem/SampleMaterialType",
                    "version": "1.2.0"
                }
            ]
        },
        {
            "context": {
                "code": "OncoSpecimen",
                "display": "OncoSpecimen",
                "system": "bzkf.dktk.oncology"
            },
            "display": "Urine",
            "id": "81deb727-272f-14a5-fc8b-63aaa6b3d59b",
            "leaf": true,
            "selectable": true,
            "termCodes": [
                {
                    "code": "urine",
                    "display": "Urine",
                    "system": "https://fhir.bbmri.de/CodeSystem/SampleMaterialType",
                    "version": "1.2.0"
                }
            ]
        },
        {
            "context": {
                "code": "OncoSpecimen",
                "display": "OncoSpecimen",
                "system": "bzkf.dktk.oncology"
            },
            "display": "Whole blood",
            "id": "cd666f05-b51d-252f-62f2-a097b26293c5",
            "leaf": true,
            "selectable": true,
            "termCodes": [
                {
                    "code": "whole-blood",
                    "display": "Whole blood",
                    "system": "https://fhir.bbmri.de/CodeSystem/SampleMaterialType",
                    "version": "1.2.0"
                }
            ]
        }
    ],
    "context": {
        "code": "Bioprobe",
        "display": "Bioprobe",
        "system": "bzkf.dktk.oncology"
    },
    "display": "Bioprobe",
    "id": "0b5f52db-f098-3650-586f-19ba5f659761",
    "leaf": false,
    "selectable": false,
    "termCodes": [
        {
            "code": "Bioprobe",
            "display": "Bioprobe",
            "system": "bzkf.dktk.oncology"
        }
    ]
}