{
    "children": [
        {
            "context": {
                "code": "OncoSpecimen",
                "display": "OncoSpecimen",
                "system": "bzkf.dktk.oncology"
            },
            "display": "Ascites",
            "id": "0385ecc6-9900-3392-c911-17417bf59b67",
            "leaf": true,
            "selectable": true,
            "termCodes": [
                {
                    "code": "ascites",
                    "display": "Ascites",
                    "system": "https://fhir.bbmri.de/CodeSystem/SampleMaterialType",
                    "version": "1.2.0"
                }
            ]
        },
        {
            "context": {
                "code": "OncoSpecimen",
                "display": "OncoSpecimen",
                "system": "bzkf.dktk.oncology"
            },
            "display": "Bone marrow",
            "id": "931bf516-353f-dd95-828d-8a0ede114956",
            "leaf": true,
            "selectable": true,
            "termCodes": [
                {
                    "code": "bone-marrow",
                    "display": "Bone marrow",
                    "system": "https://fhir.bbmri.de/CodeSystem/SampleMaterialType",
                    "version": "1.2.0"
                }
            ]
        },
        {
            "context": {
                "code": "OncoSpecimen",
                "display": "OncoSpecimen",
                "system": "bzkf.dktk.oncology"
            },
            "display": "Buffy-Coat",
            "id": "bcae6981-cf55-2297-cd06-1bfd017be873",
            "leaf": true,
            "selectable": true,
            "termCodes": [
                {
                    "code": "buffy-coat",
                    "display": "Buffy-Coat",
                    "system": "https://fhir.bbmri.de/CodeSystem/SampleMaterialType",
                    "version": "1.2.0"
                }
            ]
        },
        {
            "context": {
                "code": "OncoSpecimen",
                "display": "OncoSpecimen",
                "system": "bzkf.dktk.oncology"
            },
            "display": "CSF/Liquor",
            "id": "9af8066e-d44b-573c-bab6-ee7e3401f61b",
            "leaf": true,
            "selectable": true,
            "termCodes": [
                {
                    "code": "csf-liquor",
                    "display": "CSF/Liquor",
                    "system": "https://fhir.bbmri.de/CodeSystem/SampleMaterialType",
                    "version": "1.2.0"
                }
            ]
        },
        {
            "children": [
                {
                    "context": {
                        "code": "OncoSpecimen",
                        "display": "OncoSpecimen",
                        "system": "bzkf.dktk.oncology"
                    },
                    "display": "cfDNA",
                    "id": "37885f03-b2f3-fb21-95b8-a54eaa8994a5",
                    "leaf": true,
                    "selectable": true,
                    "termCodes": [
                        {
                            "code": "cf-dna",
                            "display": "cfDNA",
                            "system": "https://fhir.bbmri.de/CodeSystem/SampleMaterialType",
                            "version": "1.2.0"
                        }
                    ]
                },
                {
                    "context": {
                        "code": "OncoSpecimen",
                        "display": "OncoSpecimen",
                        "system": "bzkf.dktk.oncology"
                    },
                    "display": "gDNA",
                    "id": "a22164e1-85d3-0897-7ae9-c1359c8eae49",
                    "leaf": true,
                    "selectable": true,
                    "termCodes": [
                        {
                            "code": "g-dna",
                            "display": "gDNA",
                            "system": "https://fhir.bbmri.de/CodeSystem/SampleMaterialType",
                            "version": "1.2.0"
                        }
                    ]
                }
            ],
            "context": {
                "code": "OncoSpecimen",
                "display": "OncoSpecimen",
                "system": "bzkf.dktk.oncology"
            },
            "display": "Dna",
            "id": "7948a0a2-37c8-df0f-7ecb-6045328ebb4b",
            "leaf": false,
            "selectable": true,
            "termCodes": [
                {
                    "code": "dna",
                    "display": "Dna",
                    "system": "https://fhir.bbmri.de/CodeSystem/SampleMaterialType",
                    "version": "1.2.0"
                }
            ]
        },
        {
            "context": {
                "code": "OncoSpecimen",
                "display": "OncoSpecimen",
                "system": "bzkf.dktk.oncology"
            },
            "display": "Dried whole blood",
            "id": "f6c5da8d-6425-acfc-30b6-1b5da83144a5",
            "leaf": true,
            "selectable": true,
            "termCodes": [
                {
                    "code": "dried-whole-blood",
                    "display": "Dried whole blood",
                    "system": "https://fhir.bbmri.de/CodeSystem/SampleMaterialType",
                    "version": "1.2.0"
                }
            ]
        },
        {
            "context": {
                "code": "OncoSpecimen",
                "display": "OncoSpecimen",
                "system": "bzkf.dktk.oncology"
            },
            "display": "Other derivative",
            "id": "03d9a88f-0bd1-d091-09ea-23e2ebaff381",
            "leaf": true,
            "selectable": true,
            "termCodes": [
                {
                    "code": "derivative-other",
                    "display": "Other derivative",
                    "system": "https://fhir.bbmri.de/CodeSystem/SampleMaterialType",
                    "version": "1.2.0"
                }
            ]
        },
        {
            "context": {
                "code": "OncoSpecimen",
                "display": "OncoSpecimen",
                "system": "bzkf.dktk.oncology"
            },
            "display": "Other liquid biosample/storage",
            "id": "97a49057-d514-08e4-d25c-e78f77486d06",
            "leaf": true,
            "selectable": true,
            "termCodes": [
                {
                    "code": "liquid-other",
                    "display": "Other liquid biosample/storage",
                    "system": "https://fhir.bbmri.de/CodeSystem/SampleMaterialType",
                    "version": "1.2.0"
                }
            ]
        },
        {
            "context": {
                "code": "OncoSpecimen",
                "display": "OncoSpecimen",
                "system": "bzkf.dktk.oncology"
            },
            "display": "Other tissue storage",
            "id": "60c2744f-64b6-cb08-24c6-bd6728004213",
            "leaf": true,
            "selectable": true,
            "termCodes": [
                {
                    "code": "tissue-other",
                    "display": "Other tissue storage",
                    "system": "https://fhir.bbmri.de/CodeSystem/SampleMaterialType",
                    "version": "1.2.0"
                }
            ]
        },
        {
            "context": {
                "code": "OncoSpecimen",
                "display": "OncoSpecimen",
                "system": "bzkf.dktk.oncology"
            },
            "display": "Peripheral blood mononuclear cells (PBMCs, viable)",
            "id": "5f2efc77-e638-65a0-1f63-e93c31b298d8",
            "leaf": true,
            "selectable": true,
            "termCodes": [
                {
                    "code": "peripheral-blood-cells-vital",
                    "display": "Peripheral blood mononuclear cells (PBMCs, viable)",
                    "system": "https://fhir.bbmri.de/CodeSystem/SampleMaterialType",
                    "version": "1.2.0"
                }
            ]
        },
        {
            "children": [
                {
                    "context": {
                        "code": "OncoSpecimen",
                        "display": "OncoSpecimen",
                        "system": "bzkf.dktk.oncology"
                    },
                    "display": "Plasma, cell free",
                    "id": "00c9ea00-885e-9bc6-6c3f-e4d96e726b46",
                    "leaf": true,
                    "selectable": true,
                    "termCodes": [
                        {
                            "code": "plasma-cell-free",
                            "display": "Plasma, cell free",
                            "system": "https://fhir.bbmri.de/CodeSystem/SampleMaterialType",
                            "version": "1.2.0"
                        }
                    ]
                },
                {
                    "context": {
                        "code": "OncoSpecimen",
                        "display": "OncoSpecimen",
                        "system": "bzkf.dktk.oncology"
                    },
                    "display": "Plasma, Citrat",
                    "id": "f8f7d913-943d-2a44-3d58-6bd3b237d6c9",
                    "leaf": true,
                    "selectable": true,
                    "termCodes": [
                        {
                            "code": "plasma-citrat",
                            "display": "Plasma, Citrat",
                            "system": "https://fhir.bbmri.de/CodeSystem/SampleMaterialType",
                            "version": "1.2.0"
                        }
                    ]
                },
                {
                    "context": {
                        "code": "OncoSpecimen",
                        "display": "OncoSpecimen",
                        "system": "bzkf.dktk.oncology"
                    },
                    "display": "Plasma, EDTA",
                    "id": "fa557b78-1210-66a7-4fd1-721f15fb3e91",
                    "leaf": true,
                    "selectable": true,
                    "termCodes": [
                        {
                            "code": "plasma-edta",
                            "display": "Plasma, EDTA",
                            "system": "https://fhir.bbmri.de/CodeSystem/SampleMaterialType",
                            "version": "1.2.0"
                        }
                    ]
                },
                {
                    "context": {
                        "code": "OncoSpecimen",
                        "display": "OncoSpecimen",
                        "system": "bzkf.dktk.oncology"
                    },
                    "display": "Plasma, Heparin",
                    "id": "b16af323-85d2-2436-948d-e717892fa14f",
                    "leaf": true,
                    "selectable": true,
                    "termCodes": [
                        {
                            "code": "plasma-heparin",
                            "display": "Plasma, Heparin",
                            "system": "https://fhir.bbmri.de/CodeSystem/SampleMaterialType",
                            "version": "1.2.0"
                        }
                    ]
                },
                {
                    "context": {
                        "code": "OncoSpecimen",
                        "display": "OncoSpecimen",
                        "system": "bzkf.dktk.oncology"
                    },
                    "display": "Plasma, other",
                    "id": "5540431a-1709-588f-1686-9171fec5a845",
                    "leaf": true,
                    "selectable": true,
                    "termCodes": [
                        {
                            "code": "plasma-other",
                            "display": "Plasma, other",
                            "system": "https://fhir.bbmri.de/CodeSystem/SampleMaterialType",
                            "version": "1.2.0"
                        }
                    ]
                }
            ],
            "context": {
                "code": "OncoSpecimen",
                "display": "OncoSpecimen",
                "system": "bzkf.dktk.oncology"
            },
            "display": "Plasma",
            "id": "b42bf6cc-ea15-59fb-fdbc-fbd3ed793cf2",
            "leaf": false,
            "selectable": true,
            "termCodes": [
                {
                    "code": "blood-plasma",
                    "display": "Plasma",
                    "system": "https://fhir.bbmri.de/CodeSystem/SampleMaterialType",
                    "version": "1.2.0"
                }
            ]
        },
        {
            "context": {
                "code": "OncoSpecimen",
                "display": "OncoSpecimen",
                "system": "bzkf.dktk.oncology"
            },
            "display": "Rna",
            "id": "5ae136f7-8c3d-4ed6-09db-17982b2ebcd8",
            "leaf": true,
            "selectable": true,
            "termCodes": [
                {
                    "code": "rna",
                    "display": "Rna",
                    "system": "https://fhir.bbmri.de/CodeSystem/SampleMaterialType",
                    "version": "1.2.0"
                }
            ]
        },
        {
            "context": {
                "code": "OncoSpecimen",
                "display": "OncoSpecimen",
                "system": "bzkf.dktk.oncology"
            },
            "display": "Saliva",
            "id": "03f41550-8ca7-f32f-77cb-ff12a2858bf7",
            "leaf": true,
            "selectable": true,
            "termCodes": [
                {
                    "code": "saliva",
                    "display": "Saliva",
                    "system": "https://fhir.bbmri.de/CodeSystem/SampleMaterialType",
                    "version": "1.2.0"
                }
            ]
        },
        {
            "context": {
                "code": "OncoSpecimen",
                "display": "OncoSpecimen",
                "system": "bzkf.dktk.oncology"
            },
            "display": "Serum",
            "id": "b74df1e4-1d87-5333-9bad-c6653f2c149f",
            "leaf": true,
            "selectable": true,
            "termCodes": [
                {
                    "code": "blood-serum",
                    "display": "Serum",
                    "system": "https://fhir.bbmri.de/CodeSystem/SampleMaterialType",
                    "version": "1.2.0"
                }
            ]
        },
        {
            "context": {
                "code": "OncoSpecimen",
                "display": "OncoSpecimen",
                "system": "bzkf.dktk.oncology"
            },
            "display": "Stool/Faeces",
            "id": "bcb5e64f-0881-d849-8db9-d0de367daf7f",
            "leaf": true,
            "selectable": true,
            "termCodes": [
                {
                    "code": "stool-faeces",
                    "display": "Stool/Faeces",
                    "system": "https://fhir.bbmri.de/CodeSystem/SampleMaterialType",
                    "version": "1.2.0"
                }
            ]
        },
        {
            "context": {
                "code": "OncoSpecimen",
                "display": "OncoSpecimen",
                "system": "bzkf.dktk.oncology"
            },
            "display": "Swab",
            "id": "c3d2921f-d8be-c263-9642-c10ed329e2f2",
            "leaf": true,
            "selectable": true,
            "termCodes": [
                {
                    "code": "swab",
                    "display": "Swab",
                    "system": "https://fhir.bbmri.de/CodeSystem/SampleMaterialType",
                    "version": "1.2.0"
                }
            ]
        },
        {
            "children": [
                {
                    "context": {
                        "code": "OncoSpecimen",
                        "display": "OncoSpecimen",
                        "system": "bzkf.dktk.oncology"
                    },
                    "display": "Normal tissue (FFPE)",
                    "id": "dbd6073d-1f3c-614c-3ee4-d12f5fa9fdf5",
                    "leaf": true,
                    "selectable": true,
                    "termCodes": [
                        {
                            "code": "normal-tissue-ffpe",
                            "display": "Normal tissue (FFPE)",
                            "system": "https://fhir.bbmri.de/CodeSystem/SampleMaterialType",
                            "version": "1.2.0"
                        }
                    ]
                },
                {
                    "context": {
                        "code": "OncoSpecimen",
                        "display": "OncoSpecimen",
                        "system": "bzkf.dktk.oncology"
                    },
                    "display": "Other tissue (FFPE)",
                    "id": "8a399a54-a871-0e86-f0b6-73debcb9c2dc",
                    "leaf": true,
                    "selectable": true,
                    "termCodes": [
                        {
                            "code": "other-tissue-ffpe",
                            "display": "Other tissue (FFPE)",
                            "system": "https://fhir.bbmri.de/CodeSystem/SampleMaterialType",
                            "version": "1.2.0"
                        }
                    ]
                },
                {
                    "context": {
                        "code": "OncoSpecimen",
                        "display": "OncoSpecimen",
                        "system": "bzkf.dktk.oncology"
                    },
                    "display": "Tumor tissue (FFPE)",
                    "id": "c1369f90-f6fa-77cb-2c0f-6551243ee522",
                    "leaf": true,
                    "selectable": true,
                    "termCodes": [
                        {
                            "code": "tumor-tissue-ffpe",
                            "display": "Tumor tissue (FFPE)",
                            "system": "https://fhir.bbmri.de/CodeSystem/SampleMaterialType",
                            "version": "1.2.0"
                        }
                    ]
                }
            ],
            "context": {
                "code": "OncoSpecimen",
                "display": "OncoSpecimen",
                "system": "bzkf.dktk.oncology"
            },
            "display": "Tissue FFPE",
            "id": "ea96d12a-3cdf-d16a-90a9-c18db187f243",
            "leaf": false,
            "selectable": true,
            "termCodes": [
                {
                    "code": "tissue-ffpe",
                    "display": "Tissue FFPE",
                    "system": "https://fhir.bbmri.de/CodeSystem/SampleMaterialType",
                    "version": "1.2.0"
                }
            ]
        },
        {
            "children": [
                {
                    "context": {
                        "code": "OncoSpecimen",
                        "display": "OncoSpecimen",
                        "system": "bzkf.dktk.oncology"
                    },
                    "display": "Normal tissue (frozen)",
                    "id": "63596478-6d3b-7d21-7dc3-ee1568fe1036",
                    "leaf": true,
                    "selectable": true,
                    "termCodes": [
                        {
                            "code": "normal-tissue-frozen",
                            "display": "Normal tissue (frozen)",
                            "system": "https://fhir.bbmri.de/CodeSystem/SampleMaterialType",
                            "version": "1.2.0"
                        }
                    ]
                },
                {
                    "context": {
                        "code": "OncoSpecimen",
                        "display": "OncoSpecimen",
                        "system": "bzkf.dktk.oncology"
                    },
                    "display": "Other tissue (frozen)",
                    "id": "1bad78bc-44c2-6f88-0005-a0ef9e08d363",
                    "leaf": true,
                    "selectable": true,
                    "termCodes": [
                        {
                            "code": "other-tissue-frozen",
                            "display": "Other tissue (frozen)",
                            "system": "https://fhir.bbmri.de/CodeSystem/SampleMaterialType",
                            "version": "1.2.0"
                        }
                    ]
                },
                {
                    "context": {
                        "code": "OncoSpecimen",
                        "display": "OncoSpecimen",
                        "system": "bzkf.dktk.oncology"
                    },
                    "display": "Tumor tissue (frozen)",
                    "id": "8b154daa-515d-004d-6c13-da8d9fd39756",
                    "leaf": true,
                    "selectable": true,
                    "termCodes": [
                        {
                            "code": "tumor-tissue-frozen",
                            "display": "Tumor tissue (frozen)",
                            "system": "https://fhir.bbmri.de/CodeSystem/SampleMaterialType",
                            "version": "1.2.0"
                        }
                    ]
                }
            ],
            "context": {
                "code": "OncoSpecimen",
                "display": "OncoSpecimen",
                "system": "bzkf.dktk.oncology"
            },
            "display": "Tissue frozen",
            "id": "7391fb3a-06b4-7052-93e9-3cf6453e414e",
            "leaf": false,
            "selectable": true,
            "termCodes": [
                {
                    "code": "tissue-frozen",
                    "display": "Tissue frozen",
                    "system": "https://fhir.bbmri.de/CodeSystem/SampleMaterialType",
                    "version": "1.2.0"
                }
            ]
        },
        {
            "context": {
                "code": "OncoSpecimen",
                "display": "OncoSpecimen",
                "system": "bzkf.dktk.oncology"
            },
            "display": "Urine",
            "id": "8c19402c-df4f-24b9-2843-da55082c0a53",
            "leaf": true,
            "selectable": true,
            "termCodes": [
                {
                    "code": "urine",
                    "display": "Urine",
                    "system": "https://fhir.bbmri.de/CodeSystem/SampleMaterialType",
                    "version": "1.2.0"
                }
            ]
        },
        {
            "context": {
                "code": "OncoSpecimen",
                "display": "OncoSpecimen",
                "system": "bzkf.dktk.oncology"
            },
            "display": "Whole blood",
            "id": "154433ae-555b-0cb3-ae87-0e8f3b3f36a9",
            "leaf": true,
            "selectable": true,
            "termCodes": [
                {
                    "code": "whole-blood",
                    "display": "Whole blood",
                    "system": "https://fhir.bbmri.de/CodeSystem/SampleMaterialType",
                    "version": "1.2.0"
                }
            ]
        }
    ],
    "context": {
        "code": "Bioprobe",
        "display": "Bioprobe",
        "system": "bzkf.dktk.oncology"
    },
    "display": "Bioprobe",
    "id": "fe28895c-4fe6-4562-ea76-0b8fe975c0ff",
    "leaf": false,
    "selectable": false,
    "termCodes": [
        {
            "code": "Bioprobe",
            "display": "Bioprobe",
            "system": "bzkf.dktk.oncology"
        }
    ]
}