{
    "children": [
        {
            "context": {
                "code": "PatientAge",
                "display": "Patient Age",
                "system": "bzkf.dktk.oncology"
            },
            "display": "Gegenw\u00e4rtiges chronologisches Alter",
            "id": "2a1d5084-6819-44b8-4bd8-7bbc29ffabd1",
            "leaf": true,
            "selectable": true,
            "termCodes": [
                {
                    "code": "424144002",
                    "display": "Gegenw\u00e4rtiges chronologisches Alter",
                    "system": "http://snomed.info/sct"
                }
            ]
        },
        {
            "context": {
                "code": "PatientGender",
                "display": "Patient Gender",
                "system": "bzkf.dktk.oncology"
            },
            "display": "Geschlecht",
            "id": "7f1a6df7-eee5-62ae-30a8-6fe20157b0ea",
            "leaf": true,
            "selectable": true,
            "termCodes": [
                {
                    "code": "263495000",
                    "display": "Geschlecht",
                    "system": "http://snomed.info/sct"
                }
            ]
        }
    ],
    "context": {
        "code": "Person",
        "display": "Person",
        "system": "bzkf.dktk.oncology"
    },
    "display": "Person",
    "id": "11a7c49a-be15-d6a5-e30a-fd45d9e690be",
    "leaf": false,
    "selectable": false,
    "termCodes": [
        {
            "code": "Person",
            "display": "Person",
            "system": "bzkf.dktk.oncology"
        }
    ]
}