{
    "children": [
        {
            "context": {
                "code": "PatientAge",
                "display": "Patient Age",
                "system": "bzkf.dktk.oncology"
            },
            "display": "Gegenw\u00e4rtiges chronologisches Alter",
            "id": "694151da-0897-c0d9-991b-bc165aa20c98",
            "leaf": true,
            "selectable": true,
            "termCodes": [
                {
                    "code": "424144002",
                    "display": "Gegenw\u00e4rtiges chronologisches Alter",
                    "system": "http://snomed.info/sct"
                }
            ]
        },
        {
            "context": {
                "code": "PatientGender",
                "display": "Patient Gender",
                "system": "bzkf.dktk.oncology"
            },
            "display": "Geschlecht",
            "id": "78a94146-6342-2975-0581-ff151dc6bee5",
            "leaf": true,
            "selectable": true,
            "termCodes": [
                {
                    "code": "263495000",
                    "display": "Geschlecht",
                    "system": "http://snomed.info/sct"
                }
            ]
        }
    ],
    "context": {
        "code": "Person",
        "display": "Person",
        "system": "bzkf.dktk.oncology"
    },
    "display": "Person",
    "id": "9ffdc8ac-d898-367d-9e07-be39432792e7",
    "leaf": false,
    "selectable": false,
    "termCodes": [
        {
            "code": "Person",
            "display": "Person",
            "system": "bzkf.dktk.oncology"
        }
    ]
}