{
    "children": [
        {
            "children": [
                {
                    "context": {
                        "code": "LokalerTumorstatus",
                        "display": "Lokaler Tumorstatus",
                        "system": "bzkf.dktk.oncology"
                    },
                    "display": "Local tumor status",
                    "id": "35b72e98-f1a5-4dc7-3331-fcfce72f9660",
                    "leaf": true,
                    "selectable": true,
                    "termCodes": [
                        {
                            "code": "LA4583-6",
                            "display": "Local",
                            "system": "http://loinc.org"
                        }
                    ]
                }
            ],
            "context": {
                "code": "LokalerTumorstatus",
                "display": "Lokaler Tumorstatus",
                "system": "bzkf.dktk.oncology"
            },
            "display": "Lokaler Tumorstatus",
            "id": "fb8a8b3a-7a87-82a2-8809-11ebe7bedb82",
            "leaf": false,
            "selectable": false,
            "termCodes": [
                {
                    "code": "Lokaler Tumorstatus",
                    "display": "Lokaler Tumorstatus",
                    "system": "fdpg.mii.cds"
                }
            ]
        },
        {
            "children": [
                {
                    "context": {
                        "code": "Vitalstatus",
                        "display": "Vitalstatus",
                        "system": "bzkf.dktk.oncology"
                    },
                    "display": "Vital status",
                    "id": "42e28f77-353c-d72f-17d4-b1b3a2089d86",
                    "leaf": true,
                    "selectable": true,
                    "termCodes": [
                        {
                            "code": "75186-7",
                            "display": "Vital status [CDC.CS]",
                            "system": "http://loinc.org"
                        }
                    ]
                }
            ],
            "context": {
                "code": "Vitalstatus",
                "display": "Vitalstatus",
                "system": "bzkf.dktk.oncology"
            },
            "display": "Vitalstatus",
            "id": "fde2b6ce-b908-0132-8a75-d8d9c583be1c",
            "leaf": false,
            "selectable": false,
            "termCodes": [
                {
                    "code": "Vitalstatus",
                    "display": "Vitalstatus",
                    "system": "fdpg.mii.cds"
                }
            ]
        },
        {
            "children": [
                {
                    "context": {
                        "code": "TumorstatusLymphknoten",
                        "display": "Tumorstatus Lymphknoten",
                        "system": "bzkf.dktk.oncology"
                    },
                    "display": "Regional Lymph Nodes",
                    "id": "4f3c7802-a0bf-26e7-5257-e3f4cbfce8d4",
                    "leaf": true,
                    "selectable": true,
                    "termCodes": [
                        {
                            "code": "LA4370-8",
                            "display": "Regional Lymph Nodes",
                            "system": "http://loinc.org"
                        }
                    ]
                }
            ],
            "context": {
                "code": "TumorstatusLymphknoten",
                "display": "Tumorstatus Lymphknoten",
                "system": "bzkf.dktk.oncology"
            },
            "display": "Tumorstatus Lymphknoten",
            "id": "c1e1c22b-26f1-03b9-6237-71d830222c47",
            "leaf": false,
            "selectable": false,
            "termCodes": [
                {
                    "code": "Tumorstatus Lymphknoten",
                    "display": "Tumorstatus Lymphknoten",
                    "system": "fdpg.mii.cds"
                }
            ]
        },
        {
            "children": [
                {
                    "context": {
                        "code": "GesamtbeurteilungTumorstatus",
                        "display": "Gesamtbeurteilung Tumorstatus",
                        "system": "bzkf.dktk.oncology"
                    },
                    "display": "Cancer outcome status",
                    "id": "60fc6be1-1617-e245-fbc2-5c50cc664f79",
                    "leaf": true,
                    "selectable": true,
                    "termCodes": [
                        {
                            "code": "21976-6",
                            "display": "Cancer outcome status",
                            "system": "http://loinc.org"
                        }
                    ]
                }
            ],
            "context": {
                "code": "GesamtbeurteilungTumorstatus",
                "display": "Gesamtbeurteilung Tumorstatus",
                "system": "bzkf.dktk.oncology"
            },
            "display": "Gesamtbeurteilung Tumorstatus",
            "id": "7f6095ff-149c-b408-c818-489915a105e2",
            "leaf": false,
            "selectable": false,
            "termCodes": [
                {
                    "code": "Gesamtbeurteilung Tumorstatus",
                    "display": "Gesamtbeurteilung Tumorstatus",
                    "system": "fdpg.mii.cds"
                }
            ]
        },
        {
            "children": [
                {
                    "context": {
                        "code": "GenetischeVariante",
                        "display": "Genetische Variante",
                        "system": "bzkf.dktk.oncology"
                    },
                    "display": "Genetic variant assessment",
                    "id": "3e663430-20ca-ec73-4b99-cb4a80efe934",
                    "leaf": true,
                    "selectable": true,
                    "termCodes": [
                        {
                            "code": "69548-6",
                            "display": "Genetic variant assessment",
                            "system": "http://loinc.org"
                        }
                    ]
                }
            ],
            "context": {
                "code": "GenetischeVariante",
                "display": "Genetische Variante",
                "system": "bzkf.dktk.oncology"
            },
            "display": "Genetische Variante",
            "id": "5b63edfb-0c5c-1860-2eb1-ce7dc6088922",
            "leaf": false,
            "selectable": false,
            "termCodes": [
                {
                    "code": "Genetische Variante",
                    "display": "Genetische Variante",
                    "system": "fdpg.mii.cds"
                }
            ]
        },
        {
            "children": [
                {
                    "context": {
                        "code": "TumorstatusFernmetastasen",
                        "display": "Tumorstatus Fernmetastasen",
                        "system": "bzkf.dktk.oncology"
                    },
                    "display": "Distant metastases tumor status",
                    "id": "1e58fa16-f6c3-884d-df58-1b5d3feeee7c",
                    "leaf": true,
                    "selectable": true,
                    "termCodes": [
                        {
                            "code": "LA4226-2",
                            "display": "Any combination of recurrence following an in situ lesion of",
                            "system": "http://loinc.org"
                        }
                    ]
                }
            ],
            "context": {
                "code": "TumorstatusFernmetastasen",
                "display": "Tumorstatus Fernmetastasen",
                "system": "bzkf.dktk.oncology"
            },
            "display": "Tumorstatus Fernmetastasen",
            "id": "da8806ce-b0d7-7bea-d2c2-e813901fa57b",
            "leaf": false,
            "selectable": false,
            "termCodes": [
                {
                    "code": "Tumorstatus Fernmetastasen",
                    "display": "Tumorstatus Fernmetastasen",
                    "system": "fdpg.mii.cds"
                }
            ]
        }
    ],
    "context": {
        "code": "Verlauf",
        "display": "Verlauf",
        "system": "bzkf.dktk.oncology"
    },
    "display": "Verlauf",
    "id": "8462a4af-bfde-84e1-209f-8d34fbce0f25",
    "leaf": false,
    "selectable": false,
    "termCodes": [
        {
            "code": "Verlauf",
            "display": "Verlauf",
            "system": "bzkf.dktk.oncology"
        }
    ]
}