{
    "children": [
        {
            "children": [
                {
                    "context": {
                        "code": "LokalerTumorstatus",
                        "display": "Lokaler Tumorstatus",
                        "system": "bzkf.dktk.oncology"
                    },
                    "display": "Local tumor status",
                    "id": "cefccf0a-edfd-36ed-b820-70861457a3c6",
                    "leaf": true,
                    "selectable": true,
                    "termCodes": [
                        {
                            "code": "LA4583-6",
                            "display": "Local",
                            "system": "http://loinc.org"
                        }
                    ]
                }
            ],
            "context": {
                "code": "LokalerTumorstatus",
                "display": "Lokaler Tumorstatus",
                "system": "bzkf.dktk.oncology"
            },
            "display": "Lokaler Tumorstatus",
            "id": "c703518e-c10c-f34f-5a96-1673d7462dab",
            "leaf": false,
            "selectable": false,
            "termCodes": [
                {
                    "code": "Lokaler Tumorstatus",
                    "display": "Lokaler Tumorstatus",
                    "system": "fdpg.mii.cds"
                }
            ]
        },
        {
            "children": [
                {
                    "context": {
                        "code": "Vitalstatus",
                        "display": "Vitalstatus",
                        "system": "bzkf.dktk.oncology"
                    },
                    "display": "Vital status",
                    "id": "433cb476-0e0d-e743-72e9-7326d1089175",
                    "leaf": true,
                    "selectable": true,
                    "termCodes": [
                        {
                            "code": "75186-7",
                            "display": "Vital status [CDC.CS]",
                            "system": "http://loinc.org"
                        }
                    ]
                }
            ],
            "context": {
                "code": "Vitalstatus",
                "display": "Vitalstatus",
                "system": "bzkf.dktk.oncology"
            },
            "display": "Vitalstatus",
            "id": "0109cb06-8e34-c433-a968-9418b29f5b07",
            "leaf": false,
            "selectable": false,
            "termCodes": [
                {
                    "code": "Vitalstatus",
                    "display": "Vitalstatus",
                    "system": "fdpg.mii.cds"
                }
            ]
        },
        {
            "children": [
                {
                    "context": {
                        "code": "TumorstatusLymphknoten",
                        "display": "Tumorstatus Lymphknoten",
                        "system": "bzkf.dktk.oncology"
                    },
                    "display": "Regional Lymph Nodes",
                    "id": "d643652d-cae6-918b-a8c3-fc3197eeba5b",
                    "leaf": true,
                    "selectable": true,
                    "termCodes": [
                        {
                            "code": "LA4370-8",
                            "display": "Regional Lymph Nodes",
                            "system": "http://loinc.org"
                        }
                    ]
                }
            ],
            "context": {
                "code": "TumorstatusLymphknoten",
                "display": "Tumorstatus Lymphknoten",
                "system": "bzkf.dktk.oncology"
            },
            "display": "Tumorstatus Lymphknoten",
            "id": "26a2195e-72c6-c2d0-36fc-92123619a604",
            "leaf": false,
            "selectable": false,
            "termCodes": [
                {
                    "code": "Tumorstatus Lymphknoten",
                    "display": "Tumorstatus Lymphknoten",
                    "system": "fdpg.mii.cds"
                }
            ]
        },
        {
            "children": [
                {
                    "context": {
                        "code": "GesamtbeurteilungTumorstatus",
                        "display": "Gesamtbeurteilung Tumorstatus",
                        "system": "bzkf.dktk.oncology"
                    },
                    "display": "Cancer outcome status",
                    "id": "530ee9eb-8000-c86d-d747-c2489af47917",
                    "leaf": true,
                    "selectable": true,
                    "termCodes": [
                        {
                            "code": "21976-6",
                            "display": "Cancer outcome status",
                            "system": "http://loinc.org"
                        }
                    ]
                }
            ],
            "context": {
                "code": "GesamtbeurteilungTumorstatus",
                "display": "Gesamtbeurteilung Tumorstatus",
                "system": "bzkf.dktk.oncology"
            },
            "display": "Gesamtbeurteilung Tumorstatus",
            "id": "e703db29-a787-13e1-3752-82afcd29ba59",
            "leaf": false,
            "selectable": false,
            "termCodes": [
                {
                    "code": "Gesamtbeurteilung Tumorstatus",
                    "display": "Gesamtbeurteilung Tumorstatus",
                    "system": "fdpg.mii.cds"
                }
            ]
        },
        {
            "children": [
                {
                    "context": {
                        "code": "GenetischeVariante",
                        "display": "Genetische Variante",
                        "system": "bzkf.dktk.oncology"
                    },
                    "display": "Genetic variant assessment",
                    "id": "e7cb6785-cc06-efd9-570c-3dae325d487d",
                    "leaf": true,
                    "selectable": true,
                    "termCodes": [
                        {
                            "code": "69548-6",
                            "display": "Genetic variant assessment",
                            "system": "http://loinc.org"
                        }
                    ]
                }
            ],
            "context": {
                "code": "GenetischeVariante",
                "display": "Genetische Variante",
                "system": "bzkf.dktk.oncology"
            },
            "display": "Genetische Variante",
            "id": "77b0dc7e-475c-cfe0-611b-69fd55deb083",
            "leaf": false,
            "selectable": false,
            "termCodes": [
                {
                    "code": "Genetische Variante",
                    "display": "Genetische Variante",
                    "system": "fdpg.mii.cds"
                }
            ]
        },
        {
            "children": [
                {
                    "context": {
                        "code": "TumorstatusFernmetastasen",
                        "display": "Tumorstatus Fernmetastasen",
                        "system": "bzkf.dktk.oncology"
                    },
                    "display": "Tumor status distant metastases",
                    "id": "eb1e8057-3d21-1fac-4d24-fa1f450e81ce",
                    "leaf": true,
                    "selectable": true,
                    "termCodes": [
                        {
                            "code": "LA4226-2",
                            "display": "Any combination of recurrence following an in situ lesion of",
                            "system": "http://loinc.org"
                        }
                    ]
                }
            ],
            "context": {
                "code": "TumorstatusFernmetastasen",
                "display": "Tumorstatus Fernmetastasen",
                "system": "bzkf.dktk.oncology"
            },
            "display": "Tumorstatus Fernmetastasen",
            "id": "ddad6057-2bd5-8373-82ca-5a8dc9da35a3",
            "leaf": false,
            "selectable": false,
            "termCodes": [
                {
                    "code": "Tumorstatus Fernmetastasen",
                    "display": "Tumorstatus Fernmetastasen",
                    "system": "fdpg.mii.cds"
                }
            ]
        }
    ],
    "context": {
        "code": "Verlauf",
        "display": "Verlauf",
        "system": "bzkf.dktk.oncology"
    },
    "display": "Verlauf",
    "id": "735ca29b-b17d-1a3e-0a34-e1ceb92b2e2a",
    "leaf": false,
    "selectable": false,
    "termCodes": [
        {
            "code": "Verlauf",
            "display": "Verlauf",
            "system": "bzkf.dktk.oncology"
        }
    ]
}